Workbook

Sheet PARAMETRY
A1: Regular Season
A2: Parameter | B2: Coefficient | C2: Source | D2: Note
A3: Intercept | B3: 0.42 | C3: Minitab | D3: konstanta
A4: Home | B4: 0.1706 | C4: Minitab | D4: domácí výhoda
A5: xG_Diff | B5: 0.104 | C5: Minitab | D5: kvalita šancí
A6: PP_Diff | B6: 1.619 | C6: Minitab | D6: přesilovky
A7: Goalie | B7: 4.61 | C7: Minitab | D7: vliv golmana
A8: TeamStrength | B8: 0 | C8: External | D8: baseline týmu
A9: Scale_PP | B9: 0.15 | C9: Manual | D9: škálování PP
A10: Scale_xG | B10: 1 | C10: Manual | D10: škálování xG
A11: Scale_Shots | B11: 0.05 | C11: Manual | D11: škálování Shots

Sheet SERIE_INPUT
A1: Zápas | B1: Home | C1: Quality_Diff | D1: PP_Diff | E1: Goalie | F1: log-odds skóre | G1: LogOdds_MC | H1: Win? | I1: Effective_P_Win
A2: G1 | B2: 1 | C2: =CALC_TEAMS_SEASON!$D$4-CALC_TEAMS_SEASON!$D$5 -> 0.040166667 | D2: =(CALC_TEAMS_SEASON!$F$4-CALC_TEAMS_SEASON!$F$5)*(1+PARAMETRY!#REF!*(CALC_TEAMS_SEASON!$K$4-CALC_TEAMS_SEASON!$K$5)) -> #REF! | E2: =CALC_GOALIES!$K$2 -> 0.01761704 | F2: =PARAMETRY!$B$3+SERIE_INPUT!B2*PARAMETRY!#REF!+SERIE_INPUT!C2*PARAMETRY!#REF!+SERIE_INPUT!D2*PARAMETRY!#REF!*PARAMETRY!#REF!+SERIE_INPUT!E2*PARAMETRY!#REF! -> #REF! | G2: =F2+_xlfn.NORM.INV(RAND(),0,0.35) -> #REF! | H2: =1/(1+EXP(-G2)) -> #REF! | I2: =0.85*H2+0.15*0.5 -> #REF! | J2: =I2 -> #REF!
A3: G2 | B3: 1 | C3: =CALC_TEAMS_SEASON!$D$4-CALC_TEAMS_SEASON!$D$5 -> 0.040166667 | D3: =(CALC_TEAMS_SEASON!$F$4-CALC_TEAMS_SEASON!$F$5)*(1+PARAMETRY!#REF!*(CALC_TEAMS_SEASON!$K$4-CALC_TEAMS_SEASON!$K$5)) -> #REF! | E3: =CALC_GOALIES!$K$2 -> 0.01761704 | F3: =PARAMETRY!$B$3+SERIE_INPUT!B3*PARAMETRY!#REF!+SERIE_INPUT!C3*PARAMETRY!#REF!+SERIE_INPUT!D3*PARAMETRY!#REF!*PARAMETRY!#REF!+SERIE_INPUT!E3*PARAMETRY!#REF! -> #REF! | G3: =F3+_xlfn.NORM.INV(RAND(),0,0.35) -> #REF! | H3: =1/(1+EXP(-G3)) -> #REF! | I3: =0.85*H3+0.15*0.5 -> #REF! | J3: =I3 -> #REF!
A4: G3 | B4: 0 | C4: =CALC_TEAMS_SEASON!$D$4-CALC_TEAMS_SEASON!$D$5 -> 0.040166667 | D4: =(CALC_TEAMS_SEASON!$F$4-CALC_TEAMS_SEASON!$F$5)*(1+PARAMETRY!#REF!*(CALC_TEAMS_SEASON!$K$4-CALC_TEAMS_SEASON!$K$5)) -> #REF! | E4: =CALC_GOALIES!$K$2 -> 0.01761704 | F4: =PARAMETRY!$B$3+SERIE_INPUT!B4*PARAMETRY!#REF!+SERIE_INPUT!C4*PARAMETRY!#REF!+SERIE_INPUT!D4*PARAMETRY!#REF!*PARAMETRY!#REF!+SERIE_INPUT!E4*PARAMETRY!#REF! -> #REF! | G4: =F4+_xlfn.NORM.INV(RAND(),0,0.35) -> #REF! | H4: =1/(1+EXP(-G4)) -> #REF! | I4: =0.85*H4+0.15*0.5 -> #REF! | J4: =I4 -> #REF!
A5: G4 | B5: 0 | C5: =CALC_TEAMS_SEASON!$D$4-CALC_TEAMS_SEASON!$D$5 -> 0.040166667 | D5: =(CALC_TEAMS_SEASON!$F$4-CALC_TEAMS_SEASON!$F$5)*(1+PARAMETRY!#REF!*(CALC_TEAMS_SEASON!$K$4-CALC_TEAMS_SEASON!$K$5)) -> #REF! | E5: =CALC_GOALIES!$K$2 -> 0.01761704 | F5: =PARAMETRY!$B$3+SERIE_INPUT!B5*PARAMETRY!#REF!+SERIE_INPUT!C5*PARAMETRY!#REF!+SERIE_INPUT!D5*PARAMETRY!#REF!*PARAMETRY!#REF!+SERIE_INPUT!E5*PARAMETRY!#REF! -> #REF! | G5: =F5+_xlfn.NORM.INV(RAND(),0,0.35) -> #REF! | H5: =1/(1+EXP(-G5)) -> #REF! | I5: =0.85*H5+0.15*0.5 -> #REF! | J5: =I5 -> #REF!
A6: G5 | B6: 1 | C6: =CALC_TEAMS_SEASON!$D$4-CALC_TEAMS_SEASON!$D$5 -> 0.040166667 | D6: =(CALC_TEAMS_SEASON!$F$4-CALC_TEAMS_SEASON!$F$5)*(1+PARAMETRY!#REF!*(CALC_TEAMS_SEASON!$K$4-CALC_TEAMS_SEASON!$K$5)) -> #REF! | E6: =CALC_GOALIES!$K$2 -> 0.01761704 | F6: =PARAMETRY!$B$3+SERIE_INPUT!B6*PARAMETRY!#REF!+SERIE_INPUT!C6*PARAMETRY!#REF!+SERIE_INPUT!D6*PARAMETRY!#REF!*PARAMETRY!#REF!+SERIE_INPUT!E6*PARAMETRY!#REF! -> #REF! | G6: =F6+_xlfn.NORM.INV(RAND(),0,0.35) -> #REF! | H6: =1/(1+EXP(-G6)) -> #REF! | I6: =0.85*H6+0.15*0.5 -> #REF! | J6: =I6 -> #REF!
A7: G6 | B7: 0 | C7: =CALC_TEAMS_SEASON!$D$4-CALC_TEAMS_SEASON!$D$5 -> 0.040166667 | D7: =(CALC_TEAMS_SEASON!$F$4-CALC_TEAMS_SEASON!$F$5)*(1+PARAMETRY!#REF!*(CALC_TEAMS_SEASON!$K$4-CALC_TEAMS_SEASON!$K$5)) -> #REF! | E7: =CALC_GOALIES!$K$2 -> 0.01761704 | F7: =PARAMETRY!$B$3+SERIE_INPUT!B7*PARAMETRY!#REF!+SERIE_INPUT!C7*PARAMETRY!#REF!+SERIE_INPUT!D7*PARAMETRY!#REF!*PARAMETRY!#REF!+SERIE_INPUT!E7*PARAMETRY!#REF! -> #REF! | G7: =F7+_xlfn.NORM.INV(RAND(),0,0.35) -> #REF! | H7: =1/(1+EXP(-G7)) -> #REF! | I7: =0.85*H7+0.15*0.5 -> #REF! | J7: =I7 -> #REF!
A8: G7 | B8: 1 | C8: =CALC_TEAMS_SEASON!$D$4-CALC_TEAMS_SEASON!$D$5 -> 0.040166667 | D8: =(CALC_TEAMS_SEASON!$F$4-CALC_TEAMS_SEASON!$F$5)*(1+PARAMETRY!#REF!*(CALC_TEAMS_SEASON!$K$4-CALC_TEAMS_SEASON!$K$5)) -> #REF! | E8: =CALC_GOALIES!$K$2 -> 0.01761704 | F8: =PARAMETRY!$B$3+SERIE_INPUT!B8*PARAMETRY!#REF!+SERIE_INPUT!C8*PARAMETRY!#REF!+SERIE_INPUT!D8*PARAMETRY!#REF!*PARAMETRY!#REF!+SERIE_INPUT!E8*PARAMETRY!#REF! -> #REF! | G8: =F8+_xlfn.NORM.INV(RAND(),0,0.35) -> #REF! | H8: =1/(1+EXP(-G8)) -> #REF! | I8: =0.85*H8+0.15*0.5 -> #REF! | J8: =I8 -> #REF!

Sheet PREDIKCE_ZAPASU
A1: Match | B1: Home | C1: xG_Diff | D1: PP_Diff | E1: Goalie_rating | F1: Team_Strength | G1: Linear_Score | H1: P_Win

Sheet MODEL_INPUT_PO
A1: Season | B1: Date | C1: Home | D1: xG_Diff_adj | E1: Shots_Diff | F1: Use_xG | G1: Quality_Diff | H1: PP_Diff | I1: Goalie_rating | J1: Team_strength | K1: Game_Weight | L1: Win
A2: =CALC_GAMES_BASE!A106 -> 25/26 | B2: =CALC_GAMES_BASE!B106 -> 45926 | C2: =CALC_GAMES_BASE!E106 -> 1 | D2: =CALC_GAMES_BASE!N106 | E2: =CALC_GAMES_BASE!K106 -> 27 | F2: =IF(D2<>"",1,0) -> 0 | G2: =IF(F2=1, D2, E2*PARAMETRY!B104) -> 0 | H2: =CALC_GAMES_BASE!Q106 - CALC_TEAMS_SEASON!F106 -> 0.2 | I2: =_xlfn.XLOOKUP(CALC_GAMES_BASE!W106, CALC_GOALIES!B:B, CALC_GOALIES!K:K) -> 0.021917995 | K2: =IF(CALC_GAMES_BASE!Z106="RS",1,1.2) -> 1 | L2: =CALC_GAMES_BASE!Y106 -> 1
A3: =CALC_GAMES_BASE!A107 -> 25/26 | B3: =CALC_GAMES_BASE!B107 -> 45926 | C3: =CALC_GAMES_BASE!E107 -> 1 | D3: =CALC_GAMES_BASE!N107 | E3: =CALC_GAMES_BASE!K107 -> 4 | F3: =IF(D3<>"",1,0) -> 0 | G3: =IF(F3=1, D3, E3*PARAMETRY!B105) -> 0 | H3: =CALC_GAMES_BASE!Q107 - CALC_TEAMS_SEASON!F107 -> 0.33333333 | I3: =_xlfn.XLOOKUP(CALC_GAMES_BASE!W107, CALC_GOALIES!B:B, CALC_GOALIES!K:K) -> 0.0044713327 | K3: =IF(CALC_GAMES_BASE!Z107="RS",1,1.2) -> 1 | L3: =CALC_GAMES_BASE!Y107 -> 0
A4: =CALC_GAMES_BASE!A108 -> 25/26 | B4: =CALC_GAMES_BASE!B108 -> 45926 | C4: =CALC_GAMES_BASE!E108 -> 1 | D4: =CALC_GAMES_BASE!N108 | E4: =CALC_GAMES_BASE!K108 -> -10 | F4: =IF(D4<>"",1,0) -> 0 | G4: =IF(F4=1, D4, E4*PARAMETRY!B106) -> 0 | H4: =CALC_GAMES_BASE!Q108 - CALC_TEAMS_SEASON!F108 -> 0.5 | I4: =_xlfn.XLOOKUP(CALC_GAMES_BASE!W108, CALC_GOALIES!B:B, CALC_GOALIES!K:K) -> 0.01761704 | K4: =IF(CALC_GAMES_BASE!Z108="RS",1,1.2) -> 1 | L4: =CALC_GAMES_BASE!Y108 -> 1
A5: =CALC_GAMES_BASE!A109 -> 25/26 | B5: =CALC_GAMES_BASE!B109 -> 45926 | C5: =CALC_GAMES_BASE!E109 -> 0 | D5: =CALC_GAMES_BASE!N109 | E5: =CALC_GAMES_BASE!K109 -> -4 | F5: =IF(D5<>"",1,0) -> 0 | G5: =IF(F5=1, D5, E5*PARAMETRY!B107) -> 0 | H5: =CALC_GAMES_BASE!Q109 - CALC_TEAMS_SEASON!F109 -> 0.33333333 | I5: =_xlfn.XLOOKUP(CALC_GAMES_BASE!W109, CALC_GOALIES!B:B, CALC_GOALIES!K:K) -> 0.0019054879 | K5: =IF(CALC_GAMES_BASE!Z109="RS",1,1.2) -> 1 | L5: =CALC_GAMES_BASE!Y109 -> 1
A6: =CALC_GAMES_BASE!A110 -> 25/26 | B6: =CALC_GAMES_BASE!B110 -> 45928 | C6: =CALC_GAMES_BASE!E110 -> 0 | D6: =CALC_GAMES_BASE!N110 -> 0.8 | E6: =CALC_GAMES_BASE!K110 -> -4 | F6: =IF(D6<>"",1,0) -> 1 | G6: =IF(F6=1, D6, E6*PARAMETRY!B108) -> 0.8 | H6: =CALC_GAMES_BASE!Q110 - CALC_TEAMS_SEASON!F110 -> 0 | I6: =_xlfn.XLOOKUP(CALC_GAMES_BASE!W110, CALC_GOALIES!B:B, CALC_GOALIES!K:K) -> 0.0045881077 | K6: =IF(CALC_GAMES_BASE!Z110="RS",1,1.2) -> 1 | L6: =CALC_GAMES_BASE!Y110 -> 1
A7: =CALC_GAMES_BASE!A111 -> 25/26 | B7: =CALC_GAMES_BASE!B111 -> 45928 | C7: =CALC_GAMES_BASE!E111 -> 1 | D7: =CALC_GAMES_BASE!N111 -> -1.2 | E7: =CALC_GAMES_BASE!K111 -> -14 | F7: =IF(D7<>"",1,0) -> 1 | G7: =IF(F7=1, D7, E7*PARAMETRY!B109) -> -1.2 | H7: =CALC_GAMES_BASE!Q111 - CALC_TEAMS_SEASON!F111 -> 0.33333333 | I7: =_xlfn.XLOOKUP(CALC_GAMES_BASE!W111, CALC_GOALIES!B:B, CALC_GOALIES!K:K) -> 0.013707542 | K7: =IF(CALC_GAMES_BASE!Z111="RS",1,1.2) -> 1 | L7: =CALC_GAMES_BASE!Y111 -> 1
A8: =CALC_GAMES_BASE!A112 -> 25/26 | B8: =CALC_GAMES_BASE!B112 -> 45928 | C8: =CALC_GAMES_BASE!E112 -> 1 | D8: =CALC_GAMES_BASE!N112 -> 2.11 | E8: =CALC_GAMES_BASE!K112 -> 28 | F8: =IF(D8<>"",1,0) -> 1 | G8: =IF(F8=1, D8, E8*PARAMETRY!B110) -> 2.11 | H8: =CALC_GAMES_BASE!Q112 - CALC_TEAMS_SEASON!F112 -> 0.16666667 | I8: =_xlfn.XLOOKUP(CALC_GAMES_BASE!W112, CALC_GOALIES!B:B, CALC_GOALIES!K:K) -> 0.0036462502 | K8: =IF(CALC_GAMES_BASE!Z112="RS",1,1.2) -> 1 | L8: =CALC_GAMES_BASE!Y112 -> 0
A9: =CALC_GAMES_BASE!A113 -> 25/26 | B9: =CALC_GAMES_BASE!B113 -> 45928 | C9: =CALC_GAMES_BASE!E113 -> 1 | D9: =CALC_GAMES_BASE!N113 -> -0.8 | E9: =CALC_GAMES_BASE!K113 -> 3 | F9: =IF(D9<>"",1,0) -> 1 | G9: =IF(F9=1, D9, E9*PARAMETRY!B111) -> -0.8 | H9: =CALC_GAMES_BASE!Q113 - CALC_TEAMS_SEASON!F113 -> 0 | I9: =_xlfn.XLOOKUP(CALC_GAMES_BASE!W113, CALC_GOALIES!B:B, CALC_GOALIES!K:K) -> -0.0015147095 | K9: =IF(CALC_GAMES_BASE!Z113="RS",1,1.2) -> 1 | L9: =CALC_GAMES_BASE!Y113 -> 0
A10: =CALC_GAMES_BASE!A114 -> 25/26 | B10: =CALC_GAMES_BASE!B114 -> 45928 | C10: =CALC_GAMES_BASE!E114 -> 0 | D10: =CALC_GAMES_BASE!N114 | E10: =CALC_GAMES_BASE!K114 -> 8 | F10: =IF(D10<>"",1,0) -> 0 | G10: =IF(F10=1, D10, E10*PARAMETRY!B112) -> 0 | H10: =CALC_GAMES_BASE!Q114 - CALC_TEAMS_SEASON!F114 -> 0.25 | I10: =_xlfn.XLOOKUP(CALC_GAMES_BASE!W114, CALC_GOALIES!B:B, CALC_GOALIES!K:K) -> 0.0039343342 | K10: =IF(CALC_GAMES_BASE!Z114="RS",1,1.2) -> 1 | L10: =CALC_GAMES_BASE!Y114 -> 1
A11: =CALC_GAMES_BASE!A115 -> 25/26 | B11: =CALC_GAMES_BASE!B115 -> 45928 | C11: =CALC_GAMES_BASE!E115 -> 0 | D11: =CALC_GAMES_BASE!N115 -> 1.2 | E11: =CALC_GAMES_BASE!K115 -> 14 | F11: =IF(D11<>"",1,0) -> 1 | G11: =IF(F11=1, D11, E11*PARAMETRY!B113) -> 1.2 | H11: =CALC_GAMES_BASE!Q115 - CALC_TEAMS_SEASON!F115 -> 0.33333333 | I11: =_xlfn.XLOOKUP(CALC_GAMES_BASE!W115, CALC_GOALIES!B:B, CALC_GOALIES!K:K) -> 0.01246319 | K11: =IF(CALC_GAMES_BASE!Z115="RS",1,1.2) -> 1 | L11: =CALC_GAMES_BASE!Y115 -> 0
A12: =CALC_GAMES_BASE!A116 -> 25/26 | B12: =CALC_GAMES_BASE!B116 -> 45928 | C12: =CALC_GAMES_BASE!E116 -> 0 | D12: =CALC_GAMES_BASE!N116 | E12: =CALC_GAMES_BASE!K116 -> -4 | F12: =IF(D12<>"",1,0) -> 0 | G12: =IF(F12=1, D12, E12*PARAMETRY!B114) -> 0 | H12: =CALC_GAMES_BASE!Q116 - CALC_TEAMS_SEASON!F116 -> 0.14285714 | I12: =_xlfn.XLOOKUP(CALC_GAMES_BASE!W116, CALC_GOALIES!B:B, CALC_GOALIES!K:K) -> 0.01224281 | K12: =IF(CALC_GAMES_BASE!Z116="RS",1,1.2) -> 1 | L12: =CALC_GAMES_BASE!Y116 -> 0
A13: =CALC_GAMES_BASE!A117 -> 25/26 | B13: =CALC_GAMES_BASE!B117 -> 45928 | C13: =CALC_GAMES_BASE!E117 -> 0 | D13: =CALC_GAMES_BASE!N117 -> -2.11 | E13: =CALC_GAMES_BASE!K117 -> -28 | F13: =IF(D13<>"",1,0) -> 1 | G13: =IF(F13=1, D13, E13*PARAMETRY!B115) -> -2.11 | H13: =CALC_GAMES_BASE!Q117 - CALC_TEAMS_SEASON!F117 -> 0 | I13: =_xlfn.XLOOKUP(CALC_GAMES_BASE!W117, CALC_GOALIES!B:B, CALC_GOALIES!K:K) -> 0.012275709 | K13: =IF(CALC_GAMES_BASE!Z117="RS",1,1.2) -> 1 | L13: =CALC_GAMES_BASE!Y117 -> 1
... A32: =CALC_GAMES_BASE!A136 -> 25/26 | B32: =CALC_GAMES_BASE!B136 -> 45930 | C32: =CALC_GAMES_BASE!E136 -> 0 | D32: =CALC_GAMES_BASE!N136 -> 0.28 | E32: =CALC_GAMES_BASE!K136 -> -7 | F32: =IF(D32<>"",1,0) -> 1 | G32: =IF(F32=1, D32, E32*PARAMETRY!B134) -> 0.28 | H32: =CALC_GAMES_BASE!Q136 - CALC_TEAMS_SEASON!F136 -> 0 | I32: =_xlfn.XLOOKUP(CALC_GAMES_BASE!W136, CALC_GOALIES!B:B, CALC_GOALIES!K:K) -> -0.0014856766 | K32: =IF(CALC_GAMES_BASE!Z136="RS",1,1.2) -> 1 | L32: =CALC_GAMES_BASE!Y136 -> 1

Sheet MODEL_INPUT
A1: Season | B1: Date | C1: Team | D1: Opponent | E1: Home | F1: xG_Diff_adj | G1: Shots_Diff | H1: Use_xG | I1: Quality_Diff | J1: PP_Diff | K1: Goalie_rating | L1: Team_strength | M1: Game_Weight | N1: Win
A2: =CALC_GAMES_BASE!A2 -> 25/26 | B2: =CALC_GAMES_BASE!B2 -> 45909 | C2: =CALC_GAMES_BASE!C2 -> SPA | D2: =CALC_GAMES_BASE!D2 -> CEB | E2: =CALC_GAMES_BASE!E2 -> 0 | F2: =CALC_GAMES_BASE!N2 -> 0.61 | G2: =CALC_GAMES_BASE!K2 -> -2 | H2: =IF(F2<>"",1,0) -> 1 | I2: =IF(H2=1, F2, G2*PARAMETRY!$B$11) -> 0.61 | J2: =CALC_GAMES_BASE!U2-CALC_GAMES_BASE!V2 -> 0.090390859 | K2: =_xlfn.XLOOKUP(CALC_GAMES_BASE!W2, CALC_GOALIES!B:B, CALC_GOALIES!K:K) -> -0.010634669 | L2: =_xlfn.XLOOKUP(C2,CALC_TEAMS_SEASON!B:B,CALC_TEAMS_SEASON!L:L) -> 0.064376751 | M2: =IF(CALC_GAMES_BASE!Z2="RS",1,1.2) -> 1 | N2: =CALC_GAMES_BASE!Y2 -> 1
A3: =CALC_GAMES_BASE!A3 -> 25/26 | B3: =CALC_GAMES_BASE!B3 -> 45909 | C3: =CALC_GAMES_BASE!C3 -> CEB | D3: =CALC_GAMES_BASE!D3 -> SPA | E3: =CALC_GAMES_BASE!E3 -> 1 | F3: =CALC_GAMES_BASE!N3 -> -0.61 | G3: =CALC_GAMES_BASE!K3 -> 2 | H3: =IF(F3<>"",1,0) -> 1 | I3: =IF(H3=1, F3, G3*PARAMETRY!$B$11) -> -0.61 | J3: =CALC_GAMES_BASE!U3-CALC_GAMES_BASE!V3 -> -0.090390859 | K3: =_xlfn.XLOOKUP(CALC_GAMES_BASE!W3, CALC_GOALIES!B:B, CALC_GOALIES!K:K) -> -0.01372632 | L3: =_xlfn.XLOOKUP(C3,CALC_TEAMS_SEASON!B:B,CALC_TEAMS_SEASON!L:L) -> -0.24978011 | M3: =IF(CALC_GAMES_BASE!Z3="RS",1,1.2) -> 1 | N3: =CALC_GAMES_BASE!Y3 -> 0
A4: =CALC_GAMES_BASE!A4 -> 25/26 | B4: =CALC_GAMES_BASE!B4 -> 45910 | C4: =CALC_GAMES_BASE!C4 -> PCE | D4: =CALC_GAMES_BASE!D4 -> MHK | E4: =CALC_GAMES_BASE!E4 -> 1 | F4: =CALC_GAMES_BASE!N4 | G4: =CALC_GAMES_BASE!K4 -> -4 | H4: =IF(F4<>"",1,0) -> 0 | I4: =IF(H4=1, F4, G4*PARAMETRY!$B$11) -> -0.2 | J4: =CALC_GAMES_BASE!U4-CALC_GAMES_BASE!V4 -> 0.061126374 | K4: =_xlfn.XLOOKUP(CALC_GAMES_BASE!W4, CALC_GOALIES!B:B, CALC_GOALIES!K:K) -> 0.0045881077 | L4: =_xlfn.XLOOKUP(C4,CALC_TEAMS_SEASON!B:B,CALC_TEAMS_SEASON!L:L) -> 0.62437675 | M4: =IF(CALC_GAMES_BASE!Z4="RS",1,1.2) -> 1 | N4: =CALC_GAMES_BASE!Y4 -> 1
A5: =CALC_GAMES_BASE!A5 -> 25/26 | B5: =CALC_GAMES_BASE!B5 -> 45910 | C5: =CALC_GAMES_BASE!C5 -> TRI | D5: =CALC_GAMES_BASE!D5 -> OLO | E5: =CALC_GAMES_BASE!E5 -> 1 | F5: =CALC_GAMES_BASE!N5 -> -0.5 | G5: =CALC_GAMES_BASE!K5 -> 8 | H5: =IF(F5<>"",1,0) -> 1 | I5: =IF(H5=1, F5, G5*PARAMETRY!$B$11) -> -0.5 | J5: =CALC_GAMES_BASE!U5-CALC_GAMES_BASE!V5 -> 0.024481074 | K5: =_xlfn.XLOOKUP(CALC_GAMES_BASE!W5, CALC_GOALIES!B:B, CALC_GOALIES!K:K) -> -0.019657017 | L5: =_xlfn.XLOOKUP(C5,CALC_TEAMS_SEASON!B:B,CALC_TEAMS_SEASON!L:L) -> 0.10805322 | M5: =IF(CALC_GAMES_BASE!Z5="RS",1,1.2) -> 1 | N5: =CALC_GAMES_BASE!Y5 -> 1
A6: =CALC_GAMES_BASE!A6 -> 25/26 | B6: =CALC_GAMES_BASE!B6 -> 45910 | C6: =CALC_GAMES_BASE!C6 -> KOM | D6: =CALC_GAMES_BASE!D6 -> LIT | E6: =CALC_GAMES_BASE!E6 -> 1 | F6: =CALC_GAMES_BASE!N6 | G6: =CALC_GAMES_BASE!K6 -> 14 | H6: =IF(F6<>"",1,0) -> 0 | I6: =IF(H6=1, F6, G6*PARAMETRY!$B$11) -> 0.7 | J6: =CALC_GAMES_BASE!U6-CALC_GAMES_BASE!V6 -> 0.042696886 | K6: =_xlfn.XLOOKUP(CALC_GAMES_BASE!W6, CALC_GOALIES!B:B, CALC_GOALIES!K:K) -> -0.0015147095 | L6: =_xlfn.XLOOKUP(C6,CALC_TEAMS_SEASON!B:B,CALC_TEAMS_SEASON!L:L) -> -0.37268207 | M6: =IF(CALC_GAMES_BASE!Z6="RS",1,1.2) -> 1 | N6: =CALC_GAMES_BASE!Y6 -> 1
A7: =CALC_GAMES_BASE!A7 -> 25/26 | B7: =CALC_GAMES_BASE!B7 -> 45910 | C7: =CALC_GAMES_BASE!C7 -> KLA | D7: =CALC_GAMES_BASE!D7 -> MBL | E7: =CALC_GAMES_BASE!E7 -> 1 | F7: =CALC_GAMES_BASE!N7 | G7: =CALC_GAMES_BASE!K7 -> 13 | H7: =IF(F7<>"",1,0) -> 0 | I7: =IF(H7=1, F7, G7*PARAMETRY!$B$11) -> 0.65 | J7: =CALC_GAMES_BASE!U7-CALC_GAMES_BASE!V7 -> 0.012934982 | K7: =_xlfn.XLOOKUP(CALC_GAMES_BASE!W7, CALC_GOALIES!B:B, CALC_GOALIES!K:K) -> 0.01246319 | L7: =_xlfn.XLOOKUP(C7,CALC_TEAMS_SEASON!B:B,CALC_TEAMS_SEASON!L:L) -> -0.19819678 | M7: =IF(CALC_GAMES_BASE!Z7="RS",1,1.2) -> 1 | N7: =CALC_GAMES_BASE!Y7 -> 0
A8: =CALC_GAMES_BASE!A8 -> 25/26 | B8: =CALC_GAMES_BASE!B8 -> 45910 | C8: =CALC_GAMES_BASE!C8 -> KVA | D8: =CALC_GAMES_BASE!D8 -> VIT | E8: =CALC_GAMES_BASE!E8 -> 1 | F8: =CALC_GAMES_BASE!N8 | G8: =CALC_GAMES_BASE!K8 -> 7 | H8: =IF(F8<>"",1,0) -> 0 | I8: =IF(H8=1, F8, G8*PARAMETRY!$B$11) -> 0.35 | J8: =CALC_GAMES_BASE!U8-CALC_GAMES_BASE!V8 -> 0.0040216728 | K8: =_xlfn.XLOOKUP(CALC_GAMES_BASE!W8, CALC_GOALIES!B:B, CALC_GOALIES!K:K) -> -0.022629454 | L8: =_xlfn.XLOOKUP(C8,CALC_TEAMS_SEASON!B:B,CALC_TEAMS_SEASON!L:L) -> -0.28757178 | M8: =IF(CALC_GAMES_BASE!Z8="RS",1,1.2) -> 1 | N8: =CALC_GAMES_BASE!Y8 -> 0
A9: =CALC_GAMES_BASE!A9 -> 25/26 | B9: =CALC_GAMES_BASE!B9 -> 45910 | C9: =CALC_GAMES_BASE!C9 -> LIB | D9: =CALC_GAMES_BASE!D9 -> PLZ | E9: =CALC_GAMES_BASE!E9 -> 1 | F9: =CALC_GAMES_BASE!N9 | G9: =CALC_GAMES_BASE!K9 -> -1 | H9: =IF(F9<>"",1,0) -> 0 | I9: =IF(H9=1, F9, G9*PARAMETRY!$B$11) -> -0.05 | J9: =CALC_GAMES_BASE!U9-CALC_GAMES_BASE!V9 -> -0.032638889 | K9: =_xlfn.XLOOKUP(CALC_GAMES_BASE!W9, CALC_GOALIES!B:B, CALC_GOALIES!K:K) -> 0.012275709 | L9: =_xlfn.XLOOKUP(C9,CALC_TEAMS_SEASON!B:B,CALC_TEAMS_SEASON!L:L) -> 0.22367822 | M9: =IF(CALC_GAMES_BASE!Z9="RS",1,1.2) -> 1 | N9: =CALC_GAMES_BASE!Y9 -> 0
A10: =CALC_GAMES_BASE!A10 -> 25/26 | B10: =CALC_GAMES_BASE!B10 -> 45910 | C10: =CALC_GAMES_BASE!C10 -> LIT | D10: =CALC_GAMES_BASE!D10 -> KOM | E10: =CALC_GAMES_BASE!E10 -> 0 | F10: =CALC_GAMES_BASE!N10 | G10: =CALC_GAMES_BASE!K10 -> -14 | H10: =IF(F10<>"",1,0) -> 0 | I10: =IF(H10=1, F10, G10*PARAMETRY!$B$11) -> -0.7 | J10: =CALC_GAMES_BASE!U10-CALC_GAMES_BASE!V10 -> -0.042696886 | K10: =_xlfn.XLOOKUP(CALC_GAMES_BASE!W10, CALC_GOALIES!B:B, CALC_GOALIES!K:K) -> -0.0049010889 | L10: =_xlfn.XLOOKUP(C10,CALC_TEAMS_SEASON!B:B,CALC_TEAMS_SEASON!L:L) -> -1.4784468 | M10: =IF(CALC_GAMES_BASE!Z10="RS",1,1.2) -> 1 | N10: =CALC_GAMES_BASE!Y10 -> 0
A11: =CALC_GAMES_BASE!A11 -> 25/26 | B11: =CALC_GAMES_BASE!B11 -> 45910 | C11: =CALC_GAMES_BASE!C11 -> MBL | D11: =CALC_GAMES_BASE!D11 -> KLA | E11: =CALC_GAMES_BASE!E11 -> 0 | F11: =CALC_GAMES_BASE!N11 | G11: =CALC_GAMES_BASE!K11 -> -13 | H11: =IF(F11<>"",1,0) -> 0 | I11: =IF(H11=1, F11, G11*PARAMETRY!$B$11) -> -0.65 | J11: =CALC_GAMES_BASE!U11-CALC_GAMES_BASE!V11 -> -0.012934982 | K11: =_xlfn.XLOOKUP(CALC_GAMES_BASE!W11, CALC_GOALIES!B:B, CALC_GOALIES!K:K) -> -0.0044670611 | L11: =_xlfn.XLOOKUP(C11,CALC_TEAMS_SEASON!B:B,CALC_TEAMS_SEASON!L:L) -> -0.89069678 | M11: =IF(CALC_GAMES_BASE!Z11="RS",1,1.2) -> 1 | N11: =CALC_GAMES_BASE!Y11 -> 1
A12: =CALC_GAMES_BASE!A12 -> 25/26 | B12: =CALC_GAMES_BASE!B12 -> 45910 | C12: =CALC_GAMES_BASE!C12 -> MHK | D12: =CALC_GAMES_BASE!D12 -> PCE | E12: =CALC_GAMES_BASE!E12 -> 0 | F12: =CALC_GAMES_BASE!N12 | G12: =CALC_GAMES_BASE!K12 -> 4 | H12: =IF(F12<>"",1,0) -> 0 | I12: =IF(H12=1, F12, G12*PARAMETRY!$B$11) -> 0.2 | J12: =CALC_GAMES_BASE!U12-CALC_GAMES_BASE!V12 -> -0.061126374 | K12: =_xlfn.XLOOKUP(CALC_GAMES_BASE!W12, CALC_GOALIES!B:B, CALC_GOALIES!K:K) -> -0.0640245 | L12: =_xlfn.XLOOKUP(C12,CALC_TEAMS_SEASON!B:B,CALC_TEAMS_SEASON!L:L) -> 0.14821989 | M12: =IF(CALC_GAMES_BASE!Z12="RS",1,1.2) -> 1 | N12: =CALC_GAMES_BASE!Y12 -> 0
A13: =CALC_GAMES_BASE!A13 -> 25/26 | B13: =CALC_GAMES_BASE!B13 -> 45910 | C13: =CALC_GAMES_BASE!C13 -> OLO | D13: =CALC_GAMES_BASE!D13 -> TRI | E13: =CALC_GAMES_BASE!E13 -> 0 | F13: =CALC_GAMES_BASE!N13 -> 0.5 | G13: =CALC_GAMES_BASE!K13 -> -8 | H13: =IF(F13<>"",1,0) -> 1 | I13: =IF(H13=1, F13, G13*PARAMETRY!$B$11) -> 0.5 | J13: =CALC_GAMES_BASE!U13-CALC_GAMES_BASE!V13 -> -0.024481074 | K13: =_xlfn.XLOOKUP(CALC_GAMES_BASE!W13, CALC_GOALIES!B:B, CALC_GOALIES!K:K) -> 0.0044713327 | L13: =_xlfn.XLOOKUP(C13,CALC_TEAMS_SEASON!B:B,CALC_TEAMS_SEASON!L:L) -> -1.0613218 | M13: =IF(CALC_GAMES_BASE!Z13="RS",1,1.2) -> 1 | N13: =CALC_GAMES_BASE!Y13 -> 0
... A731: =CALC_GAMES_BASE!A731 -> 26/27 | B731: =CALC_GAMES_BASE!B731 -> 46160 | C731: =CALC_GAMES_BASE!C731 -> KOM | D731: =CALC_GAMES_BASE!D731 -> PCE | E731: =CALC_GAMES_BASE!E731 -> 0 | F731: =CALC_GAMES_BASE!N731 | G731: =CALC_GAMES_BASE!K731 -> 0 | H731: =IF(F731<>"",1,0) -> 0 | I731: =IF(H731=1, F731, G731*PARAMETRY!$B$11) -> 0 | J731: =CALC_GAMES_BASE!U731-CALC_GAMES_BASE!V731 -> -0.059386447 | K731: =_xlfn.XLOOKUP(CALC_GAMES_BASE!W731, CALC_GOALIES!B:B, CALC_GOALIES!K:K) -> -0.0015147095 | L731: =_xlfn.XLOOKUP(C731,CALC_TEAMS_SEASON!B:B,CALC_TEAMS_SEASON!L:L) -> -0.37268207 | M731: =IF(CALC_GAMES_BASE!Z731="RS",1,1.2) -> 1 | N731: =CALC_GAMES_BASE!Y731 -> 0

Sheet CALC_TEAMS_SEASON
A1: Season | B1: Team | C1: Games | D1: avg_xG_Diff | E1: avg_Shots_Diff | F1: avg_PP_Rate | G1: avg_PK_Rate | H1: avg_Goals_Diff | I1: Team_Strength | J1: Game Type | K1: avg_PP_O | L1: Team_Strength_average | P1: =(AVERAGE(D2:D17))*-1 -> 0.15444678
A2: 25/26 | B2: PCE | C2: =COUNTIFS(CALC_GAMES_BASE!C:C, B2, CALC_GAMES_BASE!A:A, A2,CALC_GAMES_BASE!Z:Z,J2) -> 52 | D2: =AVERAGEIFS(CALC_GAMES_BASE!N:N, CALC_GAMES_BASE!C:C, B2, CALC_GAMES_BASE!A:A, A2,CALC_GAMES_BASE!Z:Z,J2) -> 0.77882353 | E2: =AVERAGEIFS(CALC_GAMES_BASE!K:K, CALC_GAMES_BASE!C:C, B2, CALC_GAMES_BASE!A:A, A2,CALC_GAMES_BASE!Z:Z,J2) -> 8.0384615 | F2: =AVERAGEIFS(CALC_GAMES_BASE!Q:Q, CALC_GAMES_BASE!C:C, B2, CALC_GAMES_BASE!A:A, A2,CALC_GAMES_BASE!Z:Z,J2) -> 0.20297619 | G2: =AVERAGEIFS(CALC_GAMES_BASE!T:T, CALC_GAMES_BASE!C:C, B2, CALC_GAMES_BASE!A:A, A2,CALC_GAMES_BASE!Z:Z,J2) -> 0.87789225 | H2: =AVERAGEIFS(CALC_GAMES_BASE!H:H, CALC_GAMES_BASE!C:C, B2, CALC_GAMES_BASE!A:A, A2,CALC_GAMES_BASE!Z:Z,J2) -> 0.96153846 | I2: =D2*0.6+H2*0.3+E2*0.1 -> 1.5596018 | J2: RS | K2: =AVERAGEIFS(CALC_GAMES_BASE!O:O, CALC_GAMES_BASE!C:C, B2, CALC_GAMES_BASE!A:A, A2,CALC_GAMES_BASE!Z:Z,J2) -> 4.4807692 | L2: =D2-$P$1 -> 0.62437675
A3: 25/26 | B3: LIB | C3: =COUNTIFS(CALC_GAMES_BASE!C:C, B3, CALC_GAMES_BASE!A:A, A3,CALC_GAMES_BASE!Z:Z,J3) -> 52 | D3: =AVERAGEIFS(CALC_GAMES_BASE!N:N, CALC_GAMES_BASE!C:C, B3, CALC_GAMES_BASE!A:A, A3,CALC_GAMES_BASE!Z:Z,J3) -> 0.378125 | E3: =AVERAGEIFS(CALC_GAMES_BASE!K:K, CALC_GAMES_BASE!C:C, B3, CALC_GAMES_BASE!A:A, A3,CALC_GAMES_BASE!Z:Z,J3) -> 5.4230769 | F3: =AVERAGEIFS(CALC_GAMES_BASE!Q:Q, CALC_GAMES_BASE!C:C, B3, CALC_GAMES_BASE!A:A, A3,CALC_GAMES_BASE!Z:Z,J3) -> 0.14377289 | G3: =AVERAGEIFS(CALC_GAMES_BASE!T:T, CALC_GAMES_BASE!C:C, B3, CALC_GAMES_BASE!A:A, A3,CALC_GAMES_BASE!Z:Z,J3) -> 0.87498474 | H3: =AVERAGEIFS(CALC_GAMES_BASE!H:H, CALC_GAMES_BASE!C:C, B3, CALC_GAMES_BASE!A:A, A3,CALC_GAMES_BASE!Z:Z,J3) -> 0.51923077 | I3: =D3*0.6+H3*0.3+E3*0.1 -> 0.92495192 | J3: RS | K3: =AVERAGEIFS(CALC_GAMES_BASE!O:O, CALC_GAMES_BASE!C:C, B3, CALC_GAMES_BASE!A:A, A3,CALC_GAMES_BASE!Z:Z,J3) -> 4.25 | L3: =D3-$P$1 -> 0.22367822
A4: 25/26 | B4: MHK | C4: =COUNTIFS(CALC_GAMES_BASE!C:C, B4, CALC_GAMES_BASE!A:A, A4,CALC_GAMES_BASE!Z:Z,J4) -> 52 | D4: =AVERAGEIFS(CALC_GAMES_BASE!N:N, CALC_GAMES_BASE!C:C, B4, CALC_GAMES_BASE!A:A, A4,CALC_GAMES_BASE!Z:Z,J4) -> 0.30266667 | E4: =AVERAGEIFS(CALC_GAMES_BASE!K:K, CALC_GAMES_BASE!C:C, B4, CALC_GAMES_BASE!A:A, A4,CALC_GAMES_BASE!Z:Z,J4) -> 1.6923077 | F4: =AVERAGEIFS(CALC_GAMES_BASE!Q:Q, CALC_GAMES_BASE!C:C, B4, CALC_GAMES_BASE!A:A, A4,CALC_GAMES_BASE!Z:Z,J4) -> 0.14184982 | G4: =AVERAGEIFS(CALC_GAMES_BASE!T:T, CALC_GAMES_BASE!C:C, B4, CALC_GAMES_BASE!A:A, A4,CALC_GAMES_BASE!Z:Z,J4) -> 0.86630037 | H4: =AVERAGEIFS(CALC_GAMES_BASE!H:H, CALC_GAMES_BASE!C:C, B4, CALC_GAMES_BASE!A:A, A4,CALC_GAMES_BASE!Z:Z,J4) -> 0.40384615 | I4: =D4*0.6+H4*0.3+E4*0.1 -> 0.47198462 | J4: RS | K4: =AVERAGEIFS(CALC_GAMES_BASE!O:O, CALC_GAMES_BASE!C:C, B4, CALC_GAMES_BASE!A:A, A4,CALC_GAMES_BASE!Z:Z,J4) -> 4.0192308 | L4: =D4-$P$1 -> 0.14821989
A5: 25/26 | B5: TRI | C5: =COUNTIFS(CALC_GAMES_BASE!C:C, B5, CALC_GAMES_BASE!A:A, A5,CALC_GAMES_BASE!Z:Z,J5) -> 52 | D5: =AVERAGEIFS(CALC_GAMES_BASE!N:N, CALC_GAMES_BASE!C:C, B5, CALC_GAMES_BASE!A:A, A5,CALC_GAMES_BASE!Z:Z,J5) -> 0.2625 | E5: =AVERAGEIFS(CALC_GAMES_BASE!K:K, CALC_GAMES_BASE!C:C, B5, CALC_GAMES_BASE!A:A, A5,CALC_GAMES_BASE!Z:Z,J5) -> 0.36538462 | F5: =AVERAGEIFS(CALC_GAMES_BASE!Q:Q, CALC_GAMES_BASE!C:C, B5, CALC_GAMES_BASE!A:A, A5,CALC_GAMES_BASE!Z:Z,J5) -> 0.17437424 | G5: =AVERAGEIFS(CALC_GAMES_BASE!T:T, CALC_GAMES_BASE!C:C, B5, CALC_GAMES_BASE!A:A, A5,CALC_GAMES_BASE!Z:Z,J5) -> 0.86165293 | H5: =AVERAGEIFS(CALC_GAMES_BASE!H:H, CALC_GAMES_BASE!C:C, B5, CALC_GAMES_BASE!A:A, A5,CALC_GAMES_BASE!Z:Z,J5) -> 0.32692308 | I5: =D5*0.6+H5*0.3+E5*0.1 -> 0.29211538 | J5: RS | K5: =AVERAGEIFS(CALC_GAMES_BASE!O:O, CALC_GAMES_BASE!C:C, B5, CALC_GAMES_BASE!A:A, A5,CALC_GAMES_BASE!Z:Z,J5) -> 3.8846154 | L5: =D5-$P$1 -> 0.10805322
A6: 25/26 | B6: PLZ | C6: =COUNTIFS(CALC_GAMES_BASE!C:C, B6, CALC_GAMES_BASE!A:A, A6,CALC_GAMES_BASE!Z:Z,J6) -> 52 | D6: =AVERAGEIFS(CALC_GAMES_BASE!N:N, CALC_GAMES_BASE!C:C, B6, CALC_GAMES_BASE!A:A, A6,CALC_GAMES_BASE!Z:Z,J6) -> 0.228125 | E6: =AVERAGEIFS(CALC_GAMES_BASE!K:K, CALC_GAMES_BASE!C:C, B6, CALC_GAMES_BASE!A:A, A6,CALC_GAMES_BASE!Z:Z,J6) -> 3.2692308 | F6: =AVERAGEIFS(CALC_GAMES_BASE!Q:Q, CALC_GAMES_BASE!C:C, B6, CALC_GAMES_BASE!A:A, A6,CALC_GAMES_BASE!Z:Z,J6) -> 0.17641178 | G6: =AVERAGEIFS(CALC_GAMES_BASE!T:T, CALC_GAMES_BASE!C:C, B6, CALC_GAMES_BASE!A:A, A6,CALC_GAMES_BASE!Z:Z,J6) -> 0.87712912 | H6: =AVERAGEIFS(CALC_GAMES_BASE!H:H, CALC_GAMES_BASE!C:C, B6, CALC_GAMES_BASE!A:A, A6,CALC_GAMES_BASE!Z:Z,J6) -> 0.73076923 | I6: =D6*0.6+H6*0.3+E6*0.1 -> 0.68302885 | J6: RS | K6: =AVERAGEIFS(CALC_GAMES_BASE!O:O, CALC_GAMES_BASE!C:C, B6, CALC_GAMES_BASE!A:A, A6,CALC_GAMES_BASE!Z:Z,J6) -> 4.1730769 | L6: =D6-$P$1 -> 0.073678221
A7: 25/26 | B7: SPA | C7: =COUNTIFS(CALC_GAMES_BASE!C:C, B7, CALC_GAMES_BASE!A:A, A7,CALC_GAMES_BASE!Z:Z,J7) -> 52 | D7: =AVERAGEIFS(CALC_GAMES_BASE!N:N, CALC_GAMES_BASE!C:C, B7, CALC_GAMES_BASE!A:A, A7,CALC_GAMES_BASE!Z:Z,J7) -> 0.21882353 | E7: =AVERAGEIFS(CALC_GAMES_BASE!K:K, CALC_GAMES_BASE!C:C, B7, CALC_GAMES_BASE!A:A, A7,CALC_GAMES_BASE!Z:Z,J7) -> 4.8653846 | F7: =AVERAGEIFS(CALC_GAMES_BASE!Q:Q, CALC_GAMES_BASE!C:C, B7, CALC_GAMES_BASE!A:A, A7,CALC_GAMES_BASE!Z:Z,J7) -> 0.2206044 | G7: =AVERAGEIFS(CALC_GAMES_BASE!T:T, CALC_GAMES_BASE!C:C, B7, CALC_GAMES_BASE!A:A, A7,CALC_GAMES_BASE!Z:Z,J7) -> 0.84239164 | H7: =AVERAGEIFS(CALC_GAMES_BASE!H:H, CALC_GAMES_BASE!C:C, B7, CALC_GAMES_BASE!A:A, A7,CALC_GAMES_BASE!Z:Z,J7) -> 0.5 | I7: =D7*0.6+H7*0.3+E7*0.1 -> 0.76783258 | J7: RS | K7: =AVERAGEIFS(CALC_GAMES_BASE!O:O, CALC_GAMES_BASE!C:C, B7, CALC_GAMES_BASE!A:A, A7,CALC_GAMES_BASE!Z:Z,J7) -> 4.4615385 | L7: =D7-$P$1 -> 0.064376751
A8: 25/26 | B8: KLA | C8: =COUNTIFS(CALC_GAMES_BASE!C:C, B8, CALC_GAMES_BASE!A:A, A8,CALC_GAMES_BASE!Z:Z,J8) -> 52 | D8: =AVERAGEIFS(CALC_GAMES_BASE!N:N, CALC_GAMES_BASE!C:C, B8, CALC_GAMES_BASE!A:A, A8,CALC_GAMES_BASE!Z:Z,J8) -> -0.04375 | E8: =AVERAGEIFS(CALC_GAMES_BASE!K:K, CALC_GAMES_BASE!C:C, B8, CALC_GAMES_BASE!A:A, A8,CALC_GAMES_BASE!Z:Z,J8) -> -0.038461538 | F8: =AVERAGEIFS(CALC_GAMES_BASE!Q:Q, CALC_GAMES_BASE!C:C, B8, CALC_GAMES_BASE!A:A, A8,CALC_GAMES_BASE!Z:Z,J8) -> 0.13120421 | G8: =AVERAGEIFS(CALC_GAMES_BASE!T:T, CALC_GAMES_BASE!C:C, B8, CALC_GAMES_BASE!A:A, A8,CALC_GAMES_BASE!Z:Z,J8) -> 0.86549908 | H8: =AVERAGEIFS(CALC_GAMES_BASE!H:H, CALC_GAMES_BASE!C:C, B8, CALC_GAMES_BASE!A:A, A8,CALC_GAMES_BASE!Z:Z,J8) -> -0.15384615 | I8: =D8*0.6+H8*0.3+E8*0.1 -> -0.07625 | J8: RS | K8: =AVERAGEIFS(CALC_GAMES_BASE!O:O, CALC_GAMES_BASE!C:C, B8, CALC_GAMES_BASE!A:A, A8,CALC_GAMES_BASE!Z:Z,J8) -> 4 | L8: =D8-$P$1 -> -0.19819678
A9: 25/26 | B9: CEB | C9: =COUNTIFS(CALC_GAMES_BASE!C:C, B9, CALC_GAMES_BASE!A:A, A9,CALC_GAMES_BASE!Z:Z,J9) -> 52 | D9: =AVERAGEIFS(CALC_GAMES_BASE!N:N, CALC_GAMES_BASE!C:C, B9, CALC_GAMES_BASE!A:A, A9,CALC_GAMES_BASE!Z:Z,J9) -> -0.095333333 | E9: =AVERAGEIFS(CALC_GAMES_BASE!K:K, CALC_GAMES_BASE!C:C, B9, CALC_GAMES_BASE!A:A, A9,CALC_GAMES_BASE!Z:Z,J9) -> 0.48076923 | F9: =AVERAGEIFS(CALC_GAMES_BASE!Q:Q, CALC_GAMES_BASE!C:C, B9, CALC_GAMES_BASE!A:A, A9,CALC_GAMES_BASE!Z:Z,J9) -> 0.13021354 | G9: =AVERAGEIFS(CALC_GAMES_BASE!T:T, CALC_GAMES_BASE!C:C, B9, CALC_GAMES_BASE!A:A, A9,CALC_GAMES_BASE!Z:Z,J9) -> 0.86760531 | H9: =AVERAGEIFS(CALC_GAMES_BASE!H:H, CALC_GAMES_BASE!C:C, B9, CALC_GAMES_BASE!A:A, A9,CALC_GAMES_BASE!Z:Z,J9) -> -0.096153846 | I9: =D9*0.6+H9*0.3+E9*0.1 -> -0.037969231 | J9: RS | K9: =AVERAGEIFS(CALC_GAMES_BASE!O:O, CALC_GAMES_BASE!C:C, B9, CALC_GAMES_BASE!A:A, A9,CALC_GAMES_BASE!Z:Z,J9) -> 4.25 | L9: =D9-$P$1 -> -0.24978011
A10: 25/26 | B10: KVA | C10: =COUNTIFS(CALC_GAMES_BASE!C:C, B10, CALC_GAMES_BASE!A:A, A10,CALC_GAMES_BASE!Z:Z,J10) -> 52 | D10: =AVERAGEIFS(CALC_GAMES_BASE!N:N, CALC_GAMES_BASE!C:C, B10, CALC_GAMES_BASE!A:A, A10,CALC_GAMES_BASE!Z:Z,J10) -> -0.133125 | E10: =AVERAGEIFS(CALC_GAMES_BASE!K:K, CALC_GAMES_BASE!C:C, B10, CALC_GAMES_BASE!A:A, A10,CALC_GAMES_BASE!Z:Z,J10) -> 0.76923077 | F10: =AVERAGEIFS(CALC_GAMES_BASE!Q:Q, CALC_GAMES_BASE!C:C, B10, CALC_GAMES_BASE!A:A, A10,CALC_GAMES_BASE!Z:Z,J10) -> 0.17387057 | G10: =AVERAGEIFS(CALC_GAMES_BASE!T:T, CALC_GAMES_BASE!C:C, B10, CALC_GAMES_BASE!A:A, A10,CALC_GAMES_BASE!Z:Z,J10) -> 0.89864927 | H10: =AVERAGEIFS(CALC_GAMES_BASE!H:H, CALC_GAMES_BASE!C:C, B10, CALC_GAMES_BASE!A:A, A10,CALC_GAMES_BASE!Z:Z,J10) -> 0.15384615 | I10: =D10*0.6+H10*0.3+E10*0.1 -> 0.043201923 | J10: RS | K10: =AVERAGEIFS(CALC_GAMES_BASE!O:O, CALC_GAMES_BASE!C:C, B10, CALC_GAMES_BASE!A:A, A10,CALC_GAMES_BASE!Z:Z,J10) -> 4.3846154 | L10: =D10-$P$1 -> -0.28757178
A11: 25/26 | B11: KOM | C11: =COUNTIFS(CALC_GAMES_BASE!C:C, B11, CALC_GAMES_BASE!A:A, A11,CALC_GAMES_BASE!Z:Z,J11) -> 52 | D11: =AVERAGEIFS(CALC_GAMES_BASE!N:N, CALC_GAMES_BASE!C:C, B11, CALC_GAMES_BASE!A:A, A11,CALC_GAMES_BASE!Z:Z,J11) -> -0.21823529 | E11: =AVERAGEIFS(CALC_GAMES_BASE!K:K, CALC_GAMES_BASE!C:C, B11, CALC_GAMES_BASE!A:A, A11,CALC_GAMES_BASE!Z:Z,J11) -> -0.30769231 | F11: =AVERAGEIFS(CALC_GAMES_BASE!Q:Q, CALC_GAMES_BASE!C:C, B11, CALC_GAMES_BASE!A:A, A11,CALC_GAMES_BASE!Z:Z,J11) -> 0.14358974 | G11: =AVERAGEIFS(CALC_GAMES_BASE!T:T, CALC_GAMES_BASE!C:C, B11, CALC_GAMES_BASE!A:A, A11,CALC_GAMES_BASE!Z:Z,J11) -> 0.81149267 | H11: =AVERAGEIFS(CALC_GAMES_BASE!H:H, CALC_GAMES_BASE!C:C, B11, CALC_GAMES_BASE!A:A, A11,CALC_GAMES_BASE!Z:Z,J11) -> -0.15384615 | I11: =D11*0.6+H11*0.3+E11*0.1 -> -0.20786425 | J11: RS | K11: =AVERAGEIFS(CALC_GAMES_BASE!O:O, CALC_GAMES_BASE!C:C, B11, CALC_GAMES_BASE!A:A, A11,CALC_GAMES_BASE!Z:Z,J11) -> 4.0192308 | L11: =D11-$P$1 -> -0.37268207
A12: 25/26 | B12: MBL | C12: =COUNTIFS(CALC_GAMES_BASE!C:C, B12, CALC_GAMES_BASE!A:A, A12,CALC_GAMES_BASE!Z:Z,J12) -> 52 | D12: =AVERAGEIFS(CALC_GAMES_BASE!N:N, CALC_GAMES_BASE!C:C, B12, CALC_GAMES_BASE!A:A, A12,CALC_GAMES_BASE!Z:Z,J12) -> -0.73625 | E12: =AVERAGEIFS(CALC_GAMES_BASE!K:K, CALC_GAMES_BASE!C:C, B12, CALC_GAMES_BASE!A:A, A12,CALC_GAMES_BASE!Z:Z,J12) -> -2.2307692 | F12: =AVERAGEIFS(CALC_GAMES_BASE!Q:Q, CALC_GAMES_BASE!C:C, B12, CALC_GAMES_BASE!A:A, A12,CALC_GAMES_BASE!Z:Z,J12) -> 0.11826923 | G12: =AVERAGEIFS(CALC_GAMES_BASE!T:T, CALC_GAMES_BASE!C:C, B12, CALC_GAMES_BASE!A:A, A12,CALC_GAMES_BASE!Z:Z,J12) -> 0.80737179 | H12: =AVERAGEIFS(CALC_GAMES_BASE!H:H, CALC_GAMES_BASE!C:C, B12, CALC_GAMES_BASE!A:A, A12,CALC_GAMES_BASE!Z:Z,J12) -> -0.73076923 | I12: =D12*0.6+H12*0.3+E12*0.1 -> -0.88405769 | J12: RS | K12: =AVERAGEIFS(CALC_GAMES_BASE!O:O, CALC_GAMES_BASE!C:C, B12, CALC_GAMES_BASE!A:A, A12,CALC_GAMES_BASE!Z:Z,J12) -> 3.5576923 | L12: =D12-$P$1 -> -0.89069678
A13: 25/26 | B13: VIT | C13: =COUNTIFS(CALC_GAMES_BASE!C:C, B13, CALC_GAMES_BASE!A:A, A13,CALC_GAMES_BASE!Z:Z,J13) -> 52 | D13: =AVERAGEIFS(CALC_GAMES_BASE!N:N, CALC_GAMES_BASE!C:C, B13, CALC_GAMES_BASE!A:A, A13,CALC_GAMES_BASE!Z:Z,J13) -> -0.87375 | E13: =AVERAGEIFS(CALC_GAMES_BASE!K:K, CALC_GAMES_BASE!C:C, B13, CALC_GAMES_BASE!A:A, A13,CALC_GAMES_BASE!Z:Z,J13) -> -7.1923077 | F13: =AVERAGEIFS(CALC_GAMES_BASE!Q:Q, CALC_GAMES_BASE!C:C, B13, CALC_GAMES_BASE!A:A, A13,CALC_GAMES_BASE!Z:Z,J13) -> 0.1698489 | G13: =AVERAGEIFS(CALC_GAMES_BASE!T:T, CALC_GAMES_BASE!C:C, B13, CALC_GAMES_BASE!A:A, A13,CALC_GAMES_BASE!Z:Z,J13) -> 0.79578755 | H13: =AVERAGEIFS(CALC_GAMES_BASE!H:H, CALC_GAMES_BASE!C:C, B13, CALC_GAMES_BASE!A:A, A13,CALC_GAMES_BASE!Z:Z,J13) -> -0.48076923 | I13: =D13*0.6+H13*0.3+E13*0.1 -> -1.3877115 | J13: RS | K13: =AVERAGEIFS(CALC_GAMES_BASE!O:O, CALC_GAMES_BASE!C:C, B13, CALC_GAMES_BASE!A:A, A13,CALC_GAMES_BASE!Z:Z,J13) -> 4 | L13: =D13-$P$1 -> -1.0281968
... A15: 25/26 | B15: LIT | C15: =COUNTIFS(CALC_GAMES_BASE!C:C, B15, CALC_GAMES_BASE!A:A, A15,CALC_GAMES_BASE!Z:Z,J15) -> 52 | D15: =AVERAGEIFS(CALC_GAMES_BASE!N:N, CALC_GAMES_BASE!C:C, B15, CALC_GAMES_BASE!A:A, A15,CALC_GAMES_BASE!Z:Z,J15) -> -1.324 | E15: =AVERAGEIFS(CALC_GAMES_BASE!K:K, CALC_GAMES_BASE!C:C, B15, CALC_GAMES_BASE!A:A, A15,CALC_GAMES_BASE!Z:Z,J15) -> -7.8653846 | F15: =AVERAGEIFS(CALC_GAMES_BASE!Q:Q, CALC_GAMES_BASE!C:C, B15, CALC_GAMES_BASE!A:A, A15,CALC_GAMES_BASE!Z:Z,J15) -> 0.10089286 | G15: =AVERAGEIFS(CALC_GAMES_BASE!T:T, CALC_GAMES_BASE!C:C, B15, CALC_GAMES_BASE!A:A, A15,CALC_GAMES_BASE!Z:Z,J15) -> 0.80388292 | H15: =AVERAGEIFS(CALC_GAMES_BASE!H:H, CALC_GAMES_BASE!C:C, B15, CALC_GAMES_BASE!A:A, A15,CALC_GAMES_BASE!Z:Z,J15) -> -1.2884615 | I15: =D15*0.6+H15*0.3+E15*0.1 -> -1.9674769 | J15: RS | K15: =AVERAGEIFS(CALC_GAMES_BASE!O:O, CALC_GAMES_BASE!C:C, B15, CALC_GAMES_BASE!A:A, A15,CALC_GAMES_BASE!Z:Z,J15) -> 3.8269231 | L15: =D15-$P$1 -> -1.4784468

Sheet CALC_GAMES_BASE
A1: Season | B1: Date | C1: Team | D1: Opponent | E1: Home | F1: Goals_For | G1: Goals_Against | H1: Goals_Diff | I1: Shots_For | J1: Shots_Against | K1: Shots_Diff | L1: xG_For | M1: xG_Against | N1: xG_Diff | O1: PP_O | P1: PP_G | Q1: PP_Rate | R1: PK_O | S1: PK_GA | T1: PK_Rate | U1: PP_Eff | V1: PP_Eff_Opponent | W1: Goalie_Primary | X1: Goalie_SV_Total | Y1: Win | Z1: Game_Type
A2: =RAW_GAMES!A2 -> 25/26 | B2: =RAW_GAMES!B2 -> 45909 | C2: =RAW_GAMES!E2 -> SPA | D2: =RAW_GAMES!F2 -> CEB | E2: =RAW_GAMES!G2 -> 0 | F2: =RAW_GAMES!H2 -> 3 | G2: =RAW_GAMES!I2 -> 2 | H2: =F2-G2 -> 1 | I2: =RAW_GAMES!J2 -> 26 | J2: =RAW_GAMES!K2 -> 28 | K2: =I2-J2 -> -2 | L2: =IF(RAW_GAMES!L2="","",RAW_GAMES!L2) -> 2.3 | M2: =IF(RAW_GAMES!M2="","",RAW_GAMES!M2) -> 1.69 | N2: =IF(L2="","",L2-M2) -> 0.61 | O2: =RAW_GAMES!O2 -> 2 | P2: =RAW_GAMES!N2 -> 0 | Q2: =IF(O2>0,P2/O2,0) -> 0 | R2: =RAW_GAMES!Q2 -> 3 | S2: =RAW_GAMES!P2 -> 0 | T2: =IF(R2>0, 1-(S2/R2),1) -> 1 | U2: =_xlfn.XLOOKUP(C2, CALC_TEAMS_SEASON!B:B, CALC_TEAMS_SEASON!F:F) -> 0.2206044 | V2: =_xlfn.XLOOKUP(D2, CALC_TEAMS_SEASON!B:B, CALC_TEAMS_SEASON!F:F) -> 0.13021354 | W2: =RAW_GAMES!R2 -> Kořenář | X2: =RAW_GAMES!S2 -> 26 | Y2: =IF(F2>G2,1,0) -> 1 | Z2: =RAW_GAMES!V2 -> RS
A3: =RAW_GAMES!A3 -> 25/26 | B3: =RAW_GAMES!B3 -> 45909 | C3: =RAW_GAMES!E3 -> CEB | D3: =RAW_GAMES!F3 -> SPA | E3: =RAW_GAMES!G3 -> 1 | F3: =RAW_GAMES!H3 -> 2 | G3: =RAW_GAMES!I3 -> 3 | H3: =F3-G3 -> -1 | I3: =RAW_GAMES!J3 -> 28 | J3: =RAW_GAMES!K3 -> 26 | K3: =I3-J3 -> 2 | L3: =IF(RAW_GAMES!L3="","",RAW_GAMES!L3) -> 1.69 | M3: =IF(RAW_GAMES!M3="","",RAW_GAMES!M3) -> 2.3 | N3: =IF(L3="","",L3-M3) -> -0.61 | O3: =RAW_GAMES!O3 -> 3 | P3: =RAW_GAMES!N3 -> 0 | Q3: =IF(O3>0,P3/O3,0) -> 0 | R3: =RAW_GAMES!Q3 -> 2 | S3: =RAW_GAMES!P3 -> 0 | T3: =IF(R3>0, 1-(S3/R3),1) -> 1 | U3: =_xlfn.XLOOKUP(C3, CALC_TEAMS_SEASON!B:B, CALC_TEAMS_SEASON!F:F) -> 0.13021354 | V3: =_xlfn.XLOOKUP(D3, CALC_TEAMS_SEASON!B:B, CALC_TEAMS_SEASON!F:F) -> 0.2206044 | W3: =RAW_GAMES!R3 -> Strmeň | X3: =RAW_GAMES!S3 -> 23 | Y3: =IF(F3>G3,1,0) -> 0 | Z3: =RAW_GAMES!V3 -> RS
A4: =RAW_GAMES!A4 -> 25/26 | B4: =RAW_GAMES!B4 -> 45910 | C4: =RAW_GAMES!E4 -> PCE | D4: =RAW_GAMES!F4 -> MHK | E4: =RAW_GAMES!G4 -> 1 | F4: =RAW_GAMES!H4 -> 7 | G4: =RAW_GAMES!I4 -> 1 | H4: =F4-G4 -> 6 | I4: =RAW_GAMES!J4 -> 29 | J4: =RAW_GAMES!K4 -> 33 | K4: =I4-J4 -> -4 | L4: =IF(RAW_GAMES!L4="","",RAW_GAMES!L4) | M4: =IF(RAW_GAMES!M4="","",RAW_GAMES!M4) | N4: =IF(L4="","",L4-M4) | O4: =RAW_GAMES!O4 -> 6 | P4: =RAW_GAMES!N4 -> 3 | Q4: =IF(O4>0,P4/O4,0) -> 0.5 | R4: =RAW_GAMES!Q4 -> 8 | S4: =RAW_GAMES!P4 -> 0 | T4: =IF(R4>0, 1-(S4/R4),1) -> 1 | U4: =_xlfn.XLOOKUP(C4, CALC_TEAMS_SEASON!B:B, CALC_TEAMS_SEASON!F:F) -> 0.20297619 | V4: =_xlfn.XLOOKUP(D4, CALC_TEAMS_SEASON!B:B, CALC_TEAMS_SEASON!F:F) -> 0.14184982 | W4: =RAW_GAMES!R4 -> Will | X4: =RAW_GAMES!S4 -> 32 | Y4: =IF(F4>G4,1,0) -> 1 | Z4: =RAW_GAMES!V4 -> RS
A5: =RAW_GAMES!A5 -> 25/26 | B5: =RAW_GAMES!B5 -> 45910 | C5: =RAW_GAMES!E5 -> TRI | D5: =RAW_GAMES!F5 -> OLO | E5: =RAW_GAMES!G5 -> 1 | F5: =RAW_GAMES!H5 -> 8 | G5: =RAW_GAMES!I5 -> 2 | H5: =F5-G5 -> 6 | I5: =RAW_GAMES!J5 -> 38 | J5: =RAW_GAMES!K5 -> 30 | K5: =I5-J5 -> 8 | L5: =IF(RAW_GAMES!L5="","",RAW_GAMES!L5) -> 2.74 | M5: =IF(RAW_GAMES!M5="","",RAW_GAMES!M5) -> 3.24 | N5: =IF(L5="","",L5-M5) -> -0.5 | O5: =RAW_GAMES!O5 -> 4 | P5: =RAW_GAMES!N5 -> 3 | Q5: =IF(O5>0,P5/O5,0) -> 0.75 | R5: =RAW_GAMES!Q5 -> 3 | S5: =RAW_GAMES!P5 -> 0 | T5: =IF(R5>0, 1-(S5/R5),1) -> 1 | U5: =_xlfn.XLOOKUP(C5, CALC_TEAMS_SEASON!B:B, CALC_TEAMS_SEASON!F:F) -> 0.17437424 | V5: =_xlfn.XLOOKUP(D5, CALC_TEAMS_SEASON!B:B, CALC_TEAMS_SEASON!F:F) -> 0.14989316 | W5: =RAW_GAMES!R5 -> Kacetl | X5: =RAW_GAMES!S5 -> 28 | Y5: =IF(F5>G5,1,0) -> 1 | Z5: =RAW_GAMES!V5 -> RS
A6: =RAW_GAMES!A6 -> 25/26 | B6: =RAW_GAMES!B6 -> 45910 | C6: =RAW_GAMES!E6 -> KOM | D6: =RAW_GAMES!F6 -> LIT | E6: =RAW_GAMES!G6 -> 1 | F6: =RAW_GAMES!H6 -> 4 | G6: =RAW_GAMES!I6 -> 2 | H6: =F6-G6 -> 2 | I6: =RAW_GAMES!J6 -> 28 | J6: =RAW_GAMES!K6 -> 14 | K6: =I6-J6 -> 14 | L6: =IF(RAW_GAMES!L6="","",RAW_GAMES!L6) | M6: =IF(RAW_GAMES!M6="","",RAW_GAMES!M6) | N6: =IF(L6="","",L6-M6) | O6: =RAW_GAMES!O6 -> 7 | P6: =RAW_GAMES!N6 -> 0 | Q6: =IF(O6>0,P6/O6,0) -> 0 | R6: =RAW_GAMES!Q6 -> 5 | S6: =RAW_GAMES!P6 -> 1 | T6: =IF(R6>0, 1-(S6/R6),1) -> 0.8 | U6: =_xlfn.XLOOKUP(C6, CALC_TEAMS_SEASON!B:B, CALC_TEAMS_SEASON!F:F) -> 0.14358974 | V6: =_xlfn.XLOOKUP(D6, CALC_TEAMS_SEASON!B:B, CALC_TEAMS_SEASON!F:F) -> 0.10089286 | W6: =RAW_GAMES!R6 -> Stezka | X6: =RAW_GAMES!S6 -> 12 | Y6: =IF(F6>G6,1,0) -> 1 | Z6: =RAW_GAMES!V6 -> RS
A7: =RAW_GAMES!A7 -> 25/26 | B7: =RAW_GAMES!B7 -> 45910 | C7: =RAW_GAMES!E7 -> KLA | D7: =RAW_GAMES!F7 -> MBL | E7: =RAW_GAMES!G7 -> 1 | F7: =RAW_GAMES!H7 -> 1 | G7: =RAW_GAMES!I7 -> 2 | H7: =F7-G7 -> -1 | I7: =RAW_GAMES!J7 -> 28 | J7: =RAW_GAMES!K7 -> 15 | K7: =I7-J7 -> 13 | L7: =IF(RAW_GAMES!L7="","",RAW_GAMES!L7) | M7: =IF(RAW_GAMES!M7="","",RAW_GAMES!M7) | N7: =IF(L7="","",L7-M7) | O7: =RAW_GAMES!O7 -> 5 | P7: =RAW_GAMES!N7 -> 0 | Q7: =IF(O7>0,P7/O7,0) -> 0 | R7: =RAW_GAMES!Q7 -> 5 | S7: =RAW_GAMES!P7 -> 1 | T7: =IF(R7>0, 1-(S7/R7),1) -> 0.8 | U7: =_xlfn.XLOOKUP(C7, CALC_TEAMS_SEASON!B:B, CALC_TEAMS_SEASON!F:F) -> 0.13120421 | V7: =_xlfn.XLOOKUP(D7, CALC_TEAMS_SEASON!B:B, CALC_TEAMS_SEASON!F:F) -> 0.11826923 | W7: =RAW_GAMES!R7 -> Brízgala | X7: =RAW_GAMES!S7 -> 13 | Y7: =IF(F7>G7,1,0) -> 0 | Z7: =RAW_GAMES!V7 -> RS
A8: =RAW_GAMES!A8 -> 25/26 | B8: =RAW_GAMES!B8 -> 45910 | C8: =RAW_GAMES!E8 -> KVA | D8: =RAW_GAMES!F8 -> VIT | E8: =RAW_GAMES!G8 -> 1 | F8: =RAW_GAMES!H8 -> 4 | G8: =RAW_GAMES!I8 -> 7 | H8: =F8-G8 -> -3 | I8: =RAW_GAMES!J8 -> 31 | J8: =RAW_GAMES!K8 -> 24 | K8: =I8-J8 -> 7 | L8: =IF(RAW_GAMES!L8="","",RAW_GAMES!L8) | M8: =IF(RAW_GAMES!M8="","",RAW_GAMES!M8) | N8: =IF(L8="","",L8-M8) | O8: =RAW_GAMES!O8 -> 6 | P8: =RAW_GAMES!N8 -> 1 | Q8: =IF(O8>0,P8/O8,0) -> 0.16666667 | R8: =RAW_GAMES!Q8 -> 6 | S8: =RAW_GAMES!P8 -> 1 | T8: =IF(R8>0, 1-(S8/R8),1) -> 0.83333333 | U8: =_xlfn.XLOOKUP(C8, CALC_TEAMS_SEASON!B:B, CALC_TEAMS_SEASON!F:F) -> 0.17387057 | V8: =_xlfn.XLOOKUP(D8, CALC_TEAMS_SEASON!B:B, CALC_TEAMS_SEASON!F:F) -> 0.1698489 | W8: =RAW_GAMES!R8 -> Král | X8: =RAW_GAMES!S8 -> 17 | Y8: =IF(F8>G8,1,0) -> 0 | Z8: =RAW_GAMES!V8 -> RS
A9: =RAW_GAMES!A9 -> 25/26 | B9: =RAW_GAMES!B9 -> 45910 | C9: =RAW_GAMES!E9 -> LIB | D9: =RAW_GAMES!F9 -> PLZ | E9: =RAW_GAMES!G9 -> 1 | F9: =RAW_GAMES!H9 -> 1 | G9: =RAW_GAMES!I9 -> 3 | H9: =F9-G9 -> -2 | I9: =RAW_GAMES!J9 -> 24 | J9: =RAW_GAMES!K9 -> 25 | K9: =I9-J9 -> -1 | L9: =IF(RAW_GAMES!L9="","",RAW_GAMES!L9) | M9: =IF(RAW_GAMES!M9="","",RAW_GAMES!M9) | N9: =IF(L9="","",L9-M9) | O9: =RAW_GAMES!O9 -> 5 | P9: =RAW_GAMES!N9 -> 0 | Q9: =IF(O9>0,P9/O9,0) -> 0 | R9: =RAW_GAMES!Q9 -> 6 | S9: =RAW_GAMES!P9 -> 0 | T9: =IF(R9>0, 1-(S9/R9),1) -> 1 | U9: =_xlfn.XLOOKUP(C9, CALC_TEAMS_SEASON!B:B, CALC_TEAMS_SEASON!F:F) -> 0.14377289 | V9: =_xlfn.XLOOKUP(D9, CALC_TEAMS_SEASON!B:B, CALC_TEAMS_SEASON!F:F) -> 0.17641178 | W9: =RAW_GAMES!R9 -> Kváča | X9: =RAW_GAMES!S9 -> 22 | Y9: =IF(F9>G9,1,0) -> 0 | Z9: =RAW_GAMES!V9 -> RS
A10: =RAW_GAMES!A10 -> 25/26 | B10: =RAW_GAMES!B10 -> 45910 | C10: =RAW_GAMES!E10 -> LIT | D10: =RAW_GAMES!F10 -> KOM | E10: =RAW_GAMES!G10 -> 0 | F10: =RAW_GAMES!H10 -> 2 | G10: =RAW_GAMES!I10 -> 4 | H10: =F10-G10 -> -2 | I10: =RAW_GAMES!J10 -> 14 | J10: =RAW_GAMES!K10 -> 28 | K10: =I10-J10 -> -14 | L10: =IF(RAW_GAMES!L10="","",RAW_GAMES!L10) | M10: =IF(RAW_GAMES!M10="","",RAW_GAMES!M10) | N10: =IF(L10="","",L10-M10) | O10: =RAW_GAMES!O10 -> 5 | P10: =RAW_GAMES!N10 -> 1 | Q10: =IF(O10>0,P10/O10,0) -> 0.2 | R10: =RAW_GAMES!Q10 -> 7 | S10: =RAW_GAMES!P10 -> 0 | T10: =IF(R10>0, 1-(S10/R10),1) -> 1 | U10: =_xlfn.XLOOKUP(C10, CALC_TEAMS_SEASON!B:B, CALC_TEAMS_SEASON!F:F) -> 0.10089286 | V10: =_xlfn.XLOOKUP(D10, CALC_TEAMS_SEASON!B:B, CALC_TEAMS_SEASON!F:F) -> 0.14358974 | W10: =RAW_GAMES!R10 -> Tomek | X10: =RAW_GAMES!S10 -> 24 | Y10: =IF(F10>G10,1,0) -> 0 | Z10: =RAW_GAMES!V10 -> RS
A11: =RAW_GAMES!A11 -> 25/26 | B11: =RAW_GAMES!B11 -> 45910 | C11: =RAW_GAMES!E11 -> MBL | D11: =RAW_GAMES!F11 -> KLA | E11: =RAW_GAMES!G11 -> 0 | F11: =RAW_GAMES!H11 -> 2 | G11: =RAW_GAMES!I11 -> 1 | H11: =F11-G11 -> 1 | I11: =RAW_GAMES!J11 -> 15 | J11: =RAW_GAMES!K11 -> 28 | K11: =I11-J11 -> -13 | L11: =IF(RAW_GAMES!L11="","",RAW_GAMES!L11) | M11: =IF(RAW_GAMES!M11="","",RAW_GAMES!M11) | N11: =IF(L11="","",L11-M11) | O11: =RAW_GAMES!O11 -> 5 | P11: =RAW_GAMES!N11 -> 1 | Q11: =IF(O11>0,P11/O11,0) -> 0.2 | R11: =RAW_GAMES!Q11 -> 5 | S11: =RAW_GAMES!P11 -> 0 | T11: =IF(R11>0, 1-(S11/R11),1) -> 1 | U11: =_xlfn.XLOOKUP(C11, CALC_TEAMS_SEASON!B:B, CALC_TEAMS_SEASON!F:F) -> 0.11826923 | V11: =_xlfn.XLOOKUP(D11, CALC_TEAMS_SEASON!B:B, CALC_TEAMS_SEASON!F:F) -> 0.13120421 | W11: =RAW_GAMES!R11 -> Furch | X11: =RAW_GAMES!S11 -> 27 | Y11: =IF(F11>G11,1,0) -> 1 | Z11: =RAW_GAMES!V11 -> RS
A12: =RAW_GAMES!A12 -> 25/26 | B12: =RAW_GAMES!B12 -> 45910 | C12: =RAW_GAMES!E12 -> MHK | D12: =RAW_GAMES!F12 -> PCE | E12: =RAW_GAMES!G12 -> 0 | F12: =RAW_GAMES!H12 -> 1 | G12: =RAW_GAMES!I12 -> 7 | H12: =F12-G12 -> -6 | I12: =RAW_GAMES!J12 -> 33 | J12: =RAW_GAMES!K12 -> 29 | K12: =I12-J12 -> 4 | L12: =IF(RAW_GAMES!L12="","",RAW_GAMES!L12) | M12: =IF(RAW_GAMES!M12="","",RAW_GAMES!M12) | N12: =IF(L12="","",L12-M12) | O12: =RAW_GAMES!O12 -> 6 | P12: =RAW_GAMES!N12 -> 0 | Q12: =IF(O12>0,P12/O12,0) -> 0 | R12: =RAW_GAMES!Q12 -> 8 | S12: =RAW_GAMES!P12 -> 3 | T12: =IF(R12>0, 1-(S12/R12),1) -> 0.625 | U12: =_xlfn.XLOOKUP(C12, CALC_TEAMS_SEASON!B:B, CALC_TEAMS_SEASON!F:F) -> 0.14184982 | V12: =_xlfn.XLOOKUP(D12, CALC_TEAMS_SEASON!B:B, CALC_TEAMS_SEASON!F:F) -> 0.20297619 | W12: =RAW_GAMES!R12 -> Novotný | X12: =RAW_GAMES!S12 -> 26 | Y12: =IF(F12>G12,1,0) -> 0 | Z12: =RAW_GAMES!V12 -> RS
A13: =RAW_GAMES!A13 -> 25/26 | B13: =RAW_GAMES!B13 -> 45910 | C13: =RAW_GAMES!E13 -> OLO | D13: =RAW_GAMES!F13 -> TRI | E13: =RAW_GAMES!G13 -> 0 | F13: =RAW_GAMES!H13 -> 2 | G13: =RAW_GAMES!I13 -> 8 | H13: =F13-G13 -> -6 | I13: =RAW_GAMES!J13 -> 30 | J13: =RAW_GAMES!K13 -> 38 | K13: =I13-J13 -> -8 | L13: =IF(RAW_GAMES!L13="","",RAW_GAMES!L13) -> 3.24 | M13: =IF(RAW_GAMES!M13="","",RAW_GAMES!M13) -> 2.74 | N13: =IF(L13="","",L13-M13) -> 0.5 | O13: =RAW_GAMES!O13 -> 3 | P13: =RAW_GAMES!N13 -> 0 | Q13: =IF(O13>0,P13/O13,0) -> 0 | R13: =RAW_GAMES!Q13 -> 4 | S13: =RAW_GAMES!P13 -> 3 | T13: =IF(R13>0, 1-(S13/R13),1) -> 0.25 | U13: =_xlfn.XLOOKUP(C13, CALC_TEAMS_SEASON!B:B, CALC_TEAMS_SEASON!F:F) -> 0.14989316 | V13: =_xlfn.XLOOKUP(D13, CALC_TEAMS_SEASON!B:B, CALC_TEAMS_SEASON!F:F) -> 0.17437424 | W13: =RAW_GAMES!R13 -> Machovský | X13: =RAW_GAMES!S13 -> 30 | Y13: =IF(F13>G13,1,0) -> 0 | Z13: =RAW_GAMES!V13 -> RS
... A731: =RAW_GAMES!A731 -> 26/27 | B731: =RAW_GAMES!B731 -> 46160 | C731: =RAW_GAMES!E731 -> KOM | D731: =RAW_GAMES!F731 -> PCE | E731: =RAW_GAMES!G731 -> 0 | F731: =RAW_GAMES!H731 -> 0 | G731: =RAW_GAMES!I731 -> 0 | H731: =F731-G731 -> 0 | I731: =RAW_GAMES!J731 -> 0 | J731: =RAW_GAMES!K731 -> 0 | K731: =I731-J731 -> 0 | L731: =IF(RAW_GAMES!L731="","",RAW_GAMES!L731) | M731: =IF(RAW_GAMES!M731="","",RAW_GAMES!M731) | N731: =IF(L731="","",L731-M731) | O731: =RAW_GAMES!O731 -> 0 | P731: =RAW_GAMES!N731 -> 0 | Q731: =IF(O731>0,P731/O731,0) -> 0 | R731: =RAW_GAMES!Q731 -> 0 | S731: =RAW_GAMES!P731 -> 0 | T731: =IF(R731>0, 1-(S731/R731),1) -> 1 | U731: =_xlfn.XLOOKUP(C731, CALC_TEAMS_SEASON!B:B, CALC_TEAMS_SEASON!F:F) -> 0.14358974 | V731: =_xlfn.XLOOKUP(D731, CALC_TEAMS_SEASON!B:B, CALC_TEAMS_SEASON!F:F) -> 0.20297619 | W731: =RAW_GAMES!R731 -> Stezka | X731: =RAW_GAMES!S731 -> 0 | Y731: =IF(F731>G731,1,0) -> 0 | Z731: =RAW_GAMES!V731 -> RS

Sheet CALC_GOALIES
A1: Season | B1: Goalie | C1: Team | D1: Games | E1: Shots_against | F1: Goals_Against | G1: SV_Season_% | H1: SV_Last5 | I1: GSAA_Proxy | J1: GSAA_5G | K1: Goalie_rating | L1: Shots_Last5 | M1: Goals_last5 | N1: Game_Type
A2: 25/26 | B2: Malík | C2: =_xlfn.XLOOKUP(B2,RAW_GAMES!R:R,RAW_GAMES!E:E) -> PLZ | D2: =COUNTIFS(RAW_GAMES!R:R,B2,RAW_GAMES!V:V,CALC_GOALIES!N16) -> 38 | E2: =SUMIFS(RAW_GAMES!K:K,RAW_GAMES!R:R,B2,RAW_GAMES!V:V,N2) -> 905 | F2: =SUMIFS(RAW_GAMES!I:I,RAW_GAMES!R:R,B2,RAW_GAMES!V:V,N2) -> 68 | G2: =1-(F2/E2) -> 0.92486188 | H2: =AVERAGEIFS(CALC_GOALIES_FORM!I:I,CALC_GOALIES_FORM!D:D,CALC_GOALIES!B16,CALC_GOALIES_FORM!A:A,CALC_GOALIES!A16) -> 0.92102205 | I2: =(G2-0.915)*E2 -> 8.925 | J2: =(L2*(1-CALC_GOALIES_FORM!$R$1))-M2 -> 2.0060293 | K2: =G2-CALC_GOALIES_FORM!$R$1 -> 0.01761704 | L2: =SUMIFS(CALC_GOALIES_FORM!F:F,CALC_GOALIES_FORM!D:D,CALC_GOALIES!B16,CALC_GOALIES_FORM!A:A,CALC_GOALIES!A16) -> 151 | M2: =SUMIFS(CALC_GOALIES_FORM!H:H,CALC_GOALIES_FORM!D:D,CALC_GOALIES!B16,CALC_GOALIES_FORM!A:A,CALC_GOALIES!A16) -> 12 | N2: RS
A3: 25/26 | B3: Škorvánek | C3: =_xlfn.XLOOKUP(B3,RAW_GAMES!R:R,RAW_GAMES!E:E) -> MHK | D3: =COUNTIFS(RAW_GAMES!R:R,B3,RAW_GAMES!V:V,CALC_GOALIES!N14) -> 41 | E3: =SUMIFS(RAW_GAMES!K:K,RAW_GAMES!R:R,B3,RAW_GAMES!V:V,N3) -> 1087 | F3: =SUMIFS(RAW_GAMES!I:I,RAW_GAMES!R:R,B3,RAW_GAMES!V:V,N3) -> 77 | G3: =1-(F3/E3) -> 0.92916283 | H3: =AVERAGEIFS(CALC_GOALIES_FORM!I:I,CALC_GOALIES_FORM!D:D,CALC_GOALIES!B14,CALC_GOALIES_FORM!A:A,CALC_GOALIES!A14) -> 0.87025058 | I3: =(G3-0.915)*E3 -> 15.395 | J3: =(L3*(1-CALC_GOALIES_FORM!$R$1))-M3 -> -3.9418291 | K3: =G3-CALC_GOALIES_FORM!$R$1 -> 0.021917995 | L3: =SUMIFS(CALC_GOALIES_FORM!F:F,CALC_GOALIES_FORM!D:D,CALC_GOALIES!B14,CALC_GOALIES_FORM!A:A,CALC_GOALIES!A14) -> 130 | M3: =SUMIFS(CALC_GOALIES_FORM!H:H,CALC_GOALIES_FORM!D:D,CALC_GOALIES!B14,CALC_GOALIES_FORM!A:A,CALC_GOALIES!A14) -> 16 | N3: RS
A4: 25/26 | B4: Mazanec | C4: =_xlfn.XLOOKUP(B4,RAW_GAMES!R:R,RAW_GAMES!E:E) -> TRI | D4: =COUNTIFS(RAW_GAMES!R:R,B4,RAW_GAMES!V:V,CALC_GOALIES!N5) -> 38 | E4: =SUMIFS(RAW_GAMES!K:K,RAW_GAMES!R:R,B4,RAW_GAMES!V:V,N4) -> 1050 | F4: =SUMIFS(RAW_GAMES!I:I,RAW_GAMES!R:R,B4,RAW_GAMES!V:V,N4) -> 83 | G4: =1-(F4/E4) -> 0.92095238 | H4: =AVERAGEIFS(CALC_GOALIES_FORM!I:I,CALC_GOALIES_FORM!D:D,CALC_GOALIES!B5,CALC_GOALIES_FORM!A:A,CALC_GOALIES!A5) -> 0.90087652 | I4: =(G4-0.915)*E4 -> 6.25 | J4: =(L4*(1-CALC_GOALIES_FORM!$R$1))-M4 -> -0.59111518 | K4: =G4-CALC_GOALIES_FORM!$R$1 -> 0.013707542 | L4: =SUMIFS(CALC_GOALIES_FORM!F:F,CALC_GOALIES_FORM!D:D,CALC_GOALIES!B5,CALC_GOALIES_FORM!A:A,CALC_GOALIES!A5) -> 123 | M4: =SUMIFS(CALC_GOALIES_FORM!H:H,CALC_GOALIES_FORM!D:D,CALC_GOALIES!B5,CALC_GOALIES_FORM!A:A,CALC_GOALIES!A5) -> 12 | N4: RS
A5: 25/26 | B5: Kváča | C5: =_xlfn.XLOOKUP(B5,RAW_GAMES!R:R,RAW_GAMES!E:E) -> LIB | D5: =COUNTIFS(RAW_GAMES!R:R,B5,RAW_GAMES!V:V,CALC_GOALIES!N11) -> 42 | E5: =SUMIFS(RAW_GAMES!K:K,RAW_GAMES!R:R,B5,RAW_GAMES!V:V,N5) -> 1168 | F5: =SUMIFS(RAW_GAMES!I:I,RAW_GAMES!R:R,B5,RAW_GAMES!V:V,N5) -> 94 | G5: =1-(F5/E5) -> 0.91952055 | H5: =AVERAGEIFS(CALC_GOALIES_FORM!I:I,CALC_GOALIES_FORM!D:D,CALC_GOALIES!B11,CALC_GOALIES_FORM!A:A,CALC_GOALIES!A11) -> 0.91326346 | I5: =(G5-0.915)*E5 -> 5.28 | J5: =(L5*(1-CALC_GOALIES_FORM!$R$1))-M5 -> 0.26398804 | K5: =G5-CALC_GOALIES_FORM!$R$1 -> 0.012275709 | L5: =SUMIFS(CALC_GOALIES_FORM!F:F,CALC_GOALIES_FORM!D:D,CALC_GOALIES!B11,CALC_GOALIES_FORM!A:A,CALC_GOALIES!A11) -> 143 | M5: =SUMIFS(CALC_GOALIES_FORM!H:H,CALC_GOALIES_FORM!D:D,CALC_GOALIES!B11,CALC_GOALIES_FORM!A:A,CALC_GOALIES!A11) -> 13 | N5: RS
A6: 25/26 | B6: Mokry | C6: =_xlfn.XLOOKUP(B6,RAW_GAMES!R:R,RAW_GAMES!E:E) -> MBL | D6: =COUNTIFS(RAW_GAMES!R:R,B6,RAW_GAMES!V:V,CALC_GOALIES!N28) -> 11 | E6: =SUMIFS(RAW_GAMES!K:K,RAW_GAMES!R:R,B6,RAW_GAMES!V:V,N6) -> 367 | F6: =SUMIFS(RAW_GAMES!I:I,RAW_GAMES!R:R,B6,RAW_GAMES!V:V,N6) -> 27 | G6: =1-(F6/E6) -> 0.92643052 | H6: =AVERAGEIFS(CALC_GOALIES_FORM!I:I,CALC_GOALIES_FORM!D:D,CALC_GOALIES!B28,CALC_GOALIES_FORM!A:A,CALC_GOALIES!A28) -> 0.86475064 | I6: =(G6-0.915)*E6 -> 4.195 | J6: =(L6*(1-CALC_GOALIES_FORM!$R$1))-M6 -> -6.2519294 | K6: =G6-CALC_GOALIES_FORM!$R$1 -> 0.019185679 | L6: =SUMIFS(CALC_GOALIES_FORM!F:F,CALC_GOALIES_FORM!D:D,CALC_GOALIES!B28,CALC_GOALIES_FORM!A:A,CALC_GOALIES!A28) -> 159 | M6: =SUMIFS(CALC_GOALIES_FORM!H:H,CALC_GOALIES_FORM!D:D,CALC_GOALIES!B28,CALC_GOALIES_FORM!A:A,CALC_GOALIES!A28) -> 21 | N6: RS
A7: 25/26 | B7: Will | C7: =_xlfn.XLOOKUP(B7,RAW_GAMES!R:R,RAW_GAMES!E:E) -> PCE | D7: =COUNTIFS(RAW_GAMES!R:R,B7,RAW_GAMES!V:V,CALC_GOALIES!N2) -> 38 | E7: =SUMIFS(RAW_GAMES!K:K,RAW_GAMES!R:R,B7,RAW_GAMES!V:V,N7) -> 862 | F7: =SUMIFS(RAW_GAMES!I:I,RAW_GAMES!R:R,B7,RAW_GAMES!V:V,N7) -> 76 | G7: =1-(F7/E7) -> 0.91183295 | H7: =AVERAGEIFS(CALC_GOALIES_FORM!I:I,CALC_GOALIES_FORM!D:D,CALC_GOALIES!B2,CALC_GOALIES_FORM!A:A,CALC_GOALIES!A2) -> 0.91510695 | I7: =(G7-0.915)*E7 -> -2.73 | J7: =(L7*(1-CALC_GOALIES_FORM!$R$1))-M7 -> 2.3682713 | K7: =G7-CALC_GOALIES_FORM!$R$1 -> 0.0045881077 | L7: =SUMIFS(CALC_GOALIES_FORM!F:F,CALC_GOALIES_FORM!D:D,CALC_GOALIES!B2,CALC_GOALIES_FORM!A:A,CALC_GOALIES!A2) -> 101 | M7: =SUMIFS(CALC_GOALIES_FORM!H:H,CALC_GOALIES_FORM!D:D,CALC_GOALIES!B2,CALC_GOALIES_FORM!A:A,CALC_GOALIES!A2) -> 7 | N7: RS
A8: 25/26 | B8: Brízgala | C8: =_xlfn.XLOOKUP(B8,RAW_GAMES!R:R,RAW_GAMES!E:E) -> KLA | D8: =COUNTIFS(RAW_GAMES!R:R,B8,RAW_GAMES!V:V,CALC_GOALIES!N20) -> 38 | E8: =SUMIFS(RAW_GAMES!K:K,RAW_GAMES!R:R,B8,RAW_GAMES!V:V,N8) -> 1096 | F8: =SUMIFS(RAW_GAMES!I:I,RAW_GAMES!R:R,B8,RAW_GAMES!V:V,N8) -> 88 | G8: =1-(F8/E8) -> 0.91970803 | H8: =AVERAGEIFS(CALC_GOALIES_FORM!I:I,CALC_GOALIES_FORM!D:D,CALC_GOALIES!B20,CALC_GOALIES_FORM!A:A,CALC_GOALIES!A20) -> 0.88700818 | I8: =(G8-0.915)*E8 -> 5.16 | J8: =(L8*(1-CALC_GOALIES_FORM!$R$1))-M8 -> -1.7157052 | K8: =G8-CALC_GOALIES_FORM!$R$1 -> 0.01246319 | L8: =SUMIFS(CALC_GOALIES_FORM!F:F,CALC_GOALIES_FORM!D:D,CALC_GOALIES!B20,CALC_GOALIES_FORM!A:A,CALC_GOALIES!A20) -> 154 | M8: =SUMIFS(CALC_GOALIES_FORM!H:H,CALC_GOALIES_FORM!D:D,CALC_GOALIES!B20,CALC_GOALIES_FORM!A:A,CALC_GOALIES!A20) -> 16 | N8: RS
A9: 25/26 | B9: Michajlov | C9: =_xlfn.XLOOKUP(B9,RAW_GAMES!R:R,RAW_GAMES!E:E) -> SPA | D9: =COUNTIFS(RAW_GAMES!R:R,B9,RAW_GAMES!V:V,CALC_GOALIES!N24) -> 4 | E9: =SUMIFS(RAW_GAMES!K:K,RAW_GAMES!R:R,B9,RAW_GAMES!V:V,N9) -> 101 | F9: =SUMIFS(RAW_GAMES!I:I,RAW_GAMES!R:R,B9,RAW_GAMES!V:V,N9) -> 9 | G9: =1-(F9/E9) -> 0.91089109 | H9: =AVERAGEIFS(CALC_GOALIES_FORM!I:I,CALC_GOALIES_FORM!D:D,CALC_GOALIES!B24,CALC_GOALIES_FORM!A:A,CALC_GOALIES!A24) -> 0.87847752 | I9: =(G9-0.915)*E9 -> -0.415 | J9: =(L9*(1-CALC_GOALIES_FORM!$R$1))-M9 -> -3.1273394 | K9: =G9-CALC_GOALIES_FORM!$R$1 -> 0.0036462502 | L9: =SUMIFS(CALC_GOALIES_FORM!F:F,CALC_GOALIES_FORM!D:D,CALC_GOALIES!B24,CALC_GOALIES_FORM!A:A,CALC_GOALIES!A24) -> 128 | M9: =SUMIFS(CALC_GOALIES_FORM!H:H,CALC_GOALIES_FORM!D:D,CALC_GOALIES!B24,CALC_GOALIES_FORM!A:A,CALC_GOALIES!A24) -> 15 | N9: RS
A10: 25/26 | B10: Vomáčka | C10: =_xlfn.XLOOKUP(B10,RAW_GAMES!R:R,RAW_GAMES!E:E) -> PCE | D10: =COUNTIFS(RAW_GAMES!R:R,B10,RAW_GAMES!V:V,CALC_GOALIES!N3) -> 6 | E10: =SUMIFS(RAW_GAMES!K:K,RAW_GAMES!R:R,B10,RAW_GAMES!V:V,N10) -> 189 | F10: =SUMIFS(RAW_GAMES!I:I,RAW_GAMES!R:R,B10,RAW_GAMES!V:V,N10) -> 18 | G10: =1-(F10/E10) -> 0.9047619 | H10: =AVERAGEIFS(CALC_GOALIES_FORM!I:I,CALC_GOALIES_FORM!D:D,CALC_GOALIES!B3,CALC_GOALIES_FORM!A:A,CALC_GOALIES!A3) -> 0.93529258 | I10: =(G10-0.915)*E10 -> -1.935 | J10: =(L10*(1-CALC_GOALIES_FORM!$R$1))-M10 -> 4.0060293 | K10: =G10-CALC_GOALIES_FORM!$R$1 -> -0.0024829341 | L10: =SUMIFS(CALC_GOALIES_FORM!F:F,CALC_GOALIES_FORM!D:D,CALC_GOALIES!B3,CALC_GOALIES_FORM!A:A,CALC_GOALIES!A3) -> 151 | M10: =SUMIFS(CALC_GOALIES_FORM!H:H,CALC_GOALIES_FORM!D:D,CALC_GOALIES!B3,CALC_GOALIES_FORM!A:A,CALC_GOALIES!A3) -> 10 | N10: RS
A11: 25/26 | B11: Klouček | C11: =_xlfn.XLOOKUP(B11,RAW_GAMES!R:R,RAW_GAMES!E:E) -> CEB | D11: =COUNTIFS(RAW_GAMES!R:R,B11,RAW_GAMES!V:V,CALC_GOALIES!N7) -> 24 | E11: =SUMIFS(RAW_GAMES!K:K,RAW_GAMES!R:R,B11,RAW_GAMES!V:V,N11) -> 653 | F11: =SUMIFS(RAW_GAMES!I:I,RAW_GAMES!R:R,B11,RAW_GAMES!V:V,N11) -> 58 | G11: =1-(F11/E11) -> 0.91117917 | H11: =AVERAGEIFS(CALC_GOALIES_FORM!I:I,CALC_GOALIES_FORM!D:D,CALC_GOALIES!B7,CALC_GOALIES_FORM!A:A,CALC_GOALIES!A7) -> 0.89084904 | I11: =(G11-0.915)*E11 -> -2.495 | J11: =(L11*(1-CALC_GOALIES_FORM!$R$1))-M11 -> -1.0751978 | K11: =G11-CALC_GOALIES_FORM!$R$1 -> 0.0039343342 | L11: =SUMIFS(CALC_GOALIES_FORM!F:F,CALC_GOALIES_FORM!D:D,CALC_GOALIES!B7,CALC_GOALIES_FORM!A:A,CALC_GOALIES!A7) -> 107 | M11: =SUMIFS(CALC_GOALIES_FORM!H:H,CALC_GOALIES_FORM!D:D,CALC_GOALIES!B7,CALC_GOALIES_FORM!A:A,CALC_GOALIES!A7) -> 11 | N11: RS
A12: 25/26 | B12: Machovský | C12: =_xlfn.XLOOKUP(B12,RAW_GAMES!R:R,RAW_GAMES!E:E) -> OLO | D12: =COUNTIFS(RAW_GAMES!R:R,B12,RAW_GAMES!V:V,CALC_GOALIES!N18) -> 38 | E12: =SUMIFS(RAW_GAMES!K:K,RAW_GAMES!R:R,B12,RAW_GAMES!V:V,N12) -> 1212 | F12: =SUMIFS(RAW_GAMES!I:I,RAW_GAMES!R:R,B12,RAW_GAMES!V:V,N12) -> 107 | G12: =1-(F12/E12) -> 0.91171617 | H12: =AVERAGEIFS(CALC_GOALIES_FORM!I:I,CALC_GOALIES_FORM!D:D,CALC_GOALIES!B18,CALC_GOALIES_FORM!A:A,CALC_GOALIES!A18) -> 0.86507771 | I12: =(G12-0.915)*E12 -> -3.98 | J12: =(L12*(1-CALC_GOALIES_FORM!$R$1))-M12 -> -6.1070326 | K12: =G12-CALC_GOALIES_FORM!$R$1 -> 0.0044713327 | L12: =SUMIFS(CALC_GOALIES_FORM!F:F,CALC_GOALIES_FORM!D:D,CALC_GOALIES!B18,CALC_GOALIES_FORM!A:A,CALC_GOALIES!A18) -> 139 | M12: =SUMIFS(CALC_GOALIES_FORM!H:H,CALC_GOALIES_FORM!D:D,CALC_GOALIES!B18,CALC_GOALIES_FORM!A:A,CALC_GOALIES!A18) -> 19 | N12: RS
A13: 25/26 | B13: Subban | C13: =_xlfn.XLOOKUP(B13,RAW_GAMES!R:R,RAW_GAMES!E:E) -> PCE | D13: =COUNTIFS(RAW_GAMES!R:R,B13,RAW_GAMES!V:V,CALC_GOALIES!N4) -> 9 | E13: =SUMIFS(RAW_GAMES!K:K,RAW_GAMES!R:R,B13,RAW_GAMES!V:V,N13) -> 221 | F13: =SUMIFS(RAW_GAMES!I:I,RAW_GAMES!R:R,B13,RAW_GAMES!V:V,N13) -> 22 | G13: =1-(F13/E13) -> 0.90045249 | H13: =AVERAGEIFS(CALC_GOALIES_FORM!I:I,CALC_GOALIES_FORM!D:D,CALC_GOALIES!B4,CALC_GOALIES_FORM!A:A,CALC_GOALIES!A4) -> 0.91373754 | I13: =(G13-0.915)*E13 -> -3.215 | J13: =(L13*(1-CALC_GOALIES_FORM!$R$1))-M13 -> 0.40888482 | K13: =G13-CALC_GOALIES_FORM!$R$1 -> -0.0067923502 | L13: =SUMIFS(CALC_GOALIES_FORM!F:F,CALC_GOALIES_FORM!D:D,CALC_GOALIES!B4,CALC_GOALIES_FORM!A:A,CALC_GOALIES!A4) -> 123 | M13: =SUMIFS(CALC_GOALIES_FORM!H:H,CALC_GOALIES_FORM!D:D,CALC_GOALIES!B4,CALC_GOALIES_FORM!A:A,CALC_GOALIES!A4) -> 11 | N13: RS
A14: 25/26 | B14: Růžička | C14: =_xlfn.XLOOKUP(B14,RAW_GAMES!R:R,RAW_GAMES!E:E) -> PLZ | D14: =COUNTIFS(RAW_GAMES!R:R,B14,RAW_GAMES!V:V,CALC_GOALIES!N17) -> 14 | E14: =SUMIFS(RAW_GAMES!K:K,RAW_GAMES!R:R,B14,RAW_GAMES!V:V,N14) -> 382 | F14: =SUMIFS(RAW_GAMES!I:I,RAW_GAMES!R:R,B14,RAW_GAMES!V:V,N14) -> 36 | G14: =1-(F14/E14) -> 0.90575916 | H14: =AVERAGEIFS(CALC_GOALIES_FORM!I:I,CALC_GOALIES_FORM!D:D,CALC_GOALIES!B17,CALC_GOALIES_FORM!A:A,CALC_GOALIES!A17) -> 0.85869565 | I14: =(G14-0.915)*E14 -> -3.53 | J14: =(L14*(1-CALC_GOALIES_FORM!$R$1))-M14 -> -1.5998939 | K14: =G14-CALC_GOALIES_FORM!$R$1 -> -0.0014856766 | L14: =SUMIFS(CALC_GOALIES_FORM!F:F,CALC_GOALIES_FORM!D:D,CALC_GOALIES!B17,CALC_GOALIES_FORM!A:A,CALC_GOALIES!A17) -> 69 | M14: =SUMIFS(CALC_GOALIES_FORM!H:H,CALC_GOALIES_FORM!D:D,CALC_GOALIES!B17,CALC_GOALIES_FORM!A:A,CALC_GOALIES!A17) -> 8 | N14: RS
A15: 25/26 | B15: Frodl | C15: =_xlfn.XLOOKUP(B15,RAW_GAMES!R:R,RAW_GAMES!E:E) -> KVA | D15: =COUNTIFS(RAW_GAMES!R:R,B15,RAW_GAMES!V:V,CALC_GOALIES!N35) -> 39 | E15: =SUMIFS(RAW_GAMES!K:K,RAW_GAMES!R:R,B15,RAW_GAMES!V:V,N15) -> 1093 | F15: =SUMIFS(RAW_GAMES!I:I,RAW_GAMES!R:R,B15,RAW_GAMES!V:V,N15) -> 88 | G15: =1-(F15/E15) -> 0.91948765 | H15: =AVERAGEIFS(CALC_GOALIES_FORM!I:I,CALC_GOALIES_FORM!D:D,CALC_GOALIES!B35,CALC_GOALIES_FORM!A:A,CALC_GOALIES!A35) -> 0.80645161 | I15: =(G15-0.915)*E15 -> 4.905 | J15: =(L15*(1-CALC_GOALIES_FORM!$R$1))-M15 -> -3.12459 | K15: =G15-CALC_GOALIES_FORM!$R$1 -> 0.01224281 | L15: =SUMIFS(CALC_GOALIES_FORM!F:F,CALC_GOALIES_FORM!D:D,CALC_GOALIES!B35,CALC_GOALIES_FORM!A:A,CALC_GOALIES!A35) -> 31 | M15: =SUMIFS(CALC_GOALIES_FORM!H:H,CALC_GOALIES_FORM!D:D,CALC_GOALIES!B35,CALC_GOALIES_FORM!A:A,CALC_GOALIES!A35) -> 6 | N15: RS
A16: 25/26 | B16: Kovář | C16: =_xlfn.XLOOKUP(B16,RAW_GAMES!R:R,RAW_GAMES!E:E) -> SPA | D16: =COUNTIFS(RAW_GAMES!R:R,B16,RAW_GAMES!V:V,CALC_GOALIES!N22) -> 25 | E16: =SUMIFS(RAW_GAMES!K:K,RAW_GAMES!R:R,B16,RAW_GAMES!V:V,N16) -> 729 | F16: =SUMIFS(RAW_GAMES!I:I,RAW_GAMES!R:R,B16,RAW_GAMES!V:V,N16) -> 65 | G16: =1-(F16/E16) -> 0.91083676 | H16: =AVERAGEIFS(CALC_GOALIES_FORM!I:I,CALC_GOALIES_FORM!D:D,CALC_GOALIES!B22,CALC_GOALIES_FORM!A:A,CALC_GOALIES!A22) -> 0.86633099 | I16: =(G16-0.915)*E16 -> -3.035 | J16: =(L16*(1-CALC_GOALIES_FORM!$R$1))-M16 -> -5.8287671 | K16: =G16-CALC_GOALIES_FORM!$R$1 -> 0.0035919238 | L16: =SUMIFS(CALC_GOALIES_FORM!F:F,CALC_GOALIES_FORM!D:D,CALC_GOALIES!B22,CALC_GOALIES_FORM!A:A,CALC_GOALIES!A22) -> 142 | M16: =SUMIFS(CALC_GOALIES_FORM!H:H,CALC_GOALIES_FORM!D:D,CALC_GOALIES!B22,CALC_GOALIES_FORM!A:A,CALC_GOALIES!A22) -> 19 | N16: RS
A17: 25/26 | B17: Hamalčík | C17: =_xlfn.XLOOKUP(B17,RAW_GAMES!R:R,RAW_GAMES!E:E) -> LIB | D17: =COUNTIFS(RAW_GAMES!R:R,B17,RAW_GAMES!V:V,CALC_GOALIES!N13) -> 3 | E17: =SUMIFS(RAW_GAMES!K:K,RAW_GAMES!R:R,B17,RAW_GAMES!V:V,N17) -> 69 | F17: =SUMIFS(RAW_GAMES!I:I,RAW_GAMES!R:R,B17,RAW_GAMES!V:V,N17) -> 8 | G17: =1-(F17/E17) -> 0.88405797 | H17: =AVERAGEIFS(CALC_GOALIES_FORM!I:I,CALC_GOALIES_FORM!D:D,CALC_GOALIES!B13,CALC_GOALIES_FORM!A:A,CALC_GOALIES!A13) -> 0.93417308 | I17: =(G17-0.915)*E17 -> -2.135 | J17: =(L17*(1-CALC_GOALIES_FORM!$R$1))-M17 -> 3.6147019 | K17: =G17-CALC_GOALIES_FORM!$R$1 -> -0.023186868 | L17: =SUMIFS(CALC_GOALIES_FORM!F:F,CALC_GOALIES_FORM!D:D,CALC_GOALIES!B13,CALC_GOALIES_FORM!A:A,CALC_GOALIES!A13) -> 136 | M17: =SUMIFS(CALC_GOALIES_FORM!H:H,CALC_GOALIES_FORM!D:D,CALC_GOALIES!B13,CALC_GOALIES_FORM!A:A,CALC_GOALIES!A13) -> 9 | N17: RS
A18: 25/26 | B18: Strmeň | C18: =_xlfn.XLOOKUP(B18,RAW_GAMES!R:R,RAW_GAMES!E:E) -> CEB | D18: =COUNTIFS(RAW_GAMES!R:R,B18,RAW_GAMES!V:V,CALC_GOALIES!N8) -> 15 | E18: =SUMIFS(RAW_GAMES!K:K,RAW_GAMES!R:R,B18,RAW_GAMES!V:V,N18) -> 432 | F18: =SUMIFS(RAW_GAMES!I:I,RAW_GAMES!R:R,B18,RAW_GAMES!V:V,N18) -> 46 | G18: =1-(F18/E18) -> 0.89351852 | H18: =AVERAGEIFS(CALC_GOALIES_FORM!I:I,CALC_GOALIES_FORM!D:D,CALC_GOALIES!B8,CALC_GOALIES_FORM!A:A,CALC_GOALIES!A8) -> 0.92212445 | I18: =(G18-0.915)*E18 -> -9.28 | J18: =(L18*(1-CALC_GOALIES_FORM!$R$1))-M18 -> 2.1306193 | K18: =G18-CALC_GOALIES_FORM!$R$1 -> -0.01372632 | L18: =SUMIFS(CALC_GOALIES_FORM!F:F,CALC_GOALIES_FORM!D:D,CALC_GOALIES!B8,CALC_GOALIES_FORM!A:A,CALC_GOALIES!A8) -> 120 | M18: =SUMIFS(CALC_GOALIES_FORM!H:H,CALC_GOALIES_FORM!D:D,CALC_GOALIES!B8,CALC_GOALIES_FORM!A:A,CALC_GOALIES!A8) -> 9 | N18: RS
A19: 25/26 | B19: Soukup | C19: =_xlfn.XLOOKUP(B19,RAW_GAMES!R:R,RAW_GAMES!E:E) -> MHK | D19: =COUNTIFS(RAW_GAMES!R:R,B19,RAW_GAMES!V:V,CALC_GOALIES!N29) -> 2 | E19: =SUMIFS(RAW_GAMES!K:K,RAW_GAMES!R:R,B19,RAW_GAMES!V:V,N19) -> 62 | F19: =SUMIFS(RAW_GAMES!I:I,RAW_GAMES!R:R,B19,RAW_GAMES!V:V,N19) -> 6 | G19: =1-(F19/E19) -> 0.90322581 | H19: =AVERAGEIFS(CALC_GOALIES_FORM!I:I,CALC_GOALIES_FORM!D:D,CALC_GOALIES!B29,CALC_GOALIES_FORM!A:A,CALC_GOALIES!A29) -> 0.90598549 | I19: =(G19-0.915)*E19 -> -0.73 | J19: =(L19*(1-CALC_GOALIES_FORM!$R$1))-M19 -> -0.60264326 | K19: =G19-CALC_GOALIES_FORM!$R$1 -> -0.0040190324 | L19: =SUMIFS(CALC_GOALIES_FORM!F:F,CALC_GOALIES_FORM!D:D,CALC_GOALIES!B29,CALC_GOALIES_FORM!A:A,CALC_GOALIES!A29) -> 166 | M19: =SUMIFS(CALC_GOALIES_FORM!H:H,CALC_GOALIES_FORM!D:D,CALC_GOALIES!B29,CALC_GOALIES_FORM!A:A,CALC_GOALIES!A29) -> 16 | N19: RS
A20: 25/26 | B20: Stezka | C20: =_xlfn.XLOOKUP(B20,RAW_GAMES!R:R,RAW_GAMES!E:E) -> KOM | D20: =COUNTIFS(RAW_GAMES!R:R,B20,RAW_GAMES!V:V,CALC_GOALIES!N25) -> 39 | E20: =SUMIFS(RAW_GAMES!K:K,RAW_GAMES!R:R,B20,RAW_GAMES!V:V,N20) -> 1082 | F20: =SUMIFS(RAW_GAMES!I:I,RAW_GAMES!R:R,B20,RAW_GAMES!V:V,N20) -> 102 | G20: =1-(F20/E20) -> 0.90573013 | H20: =AVERAGEIFS(CALC_GOALIES_FORM!I:I,CALC_GOALIES_FORM!D:D,CALC_GOALIES!B25,CALC_GOALIES_FORM!A:A,CALC_GOALIES!A25) -> 0.89492876 | I20: =(G20-0.915)*E20 -> -10.03 | J20: =(L20*(1-CALC_GOALIES_FORM!$R$1))-M20 -> 0.89296739 | K20: =G20-CALC_GOALIES_FORM!$R$1 -> -0.0015147095 | L20: =SUMIFS(CALC_GOALIES_FORM!F:F,CALC_GOALIES_FORM!D:D,CALC_GOALIES!B25,CALC_GOALIES_FORM!A:A,CALC_GOALIES!A25) -> 139 | M20: =SUMIFS(CALC_GOALIES_FORM!H:H,CALC_GOALIES_FORM!D:D,CALC_GOALIES!B25,CALC_GOALIES_FORM!A:A,CALC_GOALIES!A25) -> 12 | N20: RS
A21: 25/26 | B21: Tomek | C21: =_xlfn.XLOOKUP(B21,RAW_GAMES!R:R,RAW_GAMES!E:E) -> LIT | D21: =COUNTIFS(RAW_GAMES!R:R,B21,RAW_GAMES!V:V,CALC_GOALIES!N26) -> 24 | E21: =SUMIFS(RAW_GAMES!K:K,RAW_GAMES!R:R,B21,RAW_GAMES!V:V,N21) -> 768 | F21: =SUMIFS(RAW_GAMES!I:I,RAW_GAMES!R:R,B21,RAW_GAMES!V:V,N21) -> 75 | G21: =1-(F21/E21) -> 0.90234375 | H21: =AVERAGEIFS(CALC_GOALIES_FORM!I:I,CALC_GOALIES_FORM!D:D,CALC_GOALIES!B26,CALC_GOALIES_FORM!A:A,CALC_GOALIES!A26) -> 0.8870671 | I21: =(G21-0.915)*E21 -> -9.72 | J21: =(L21*(1-CALC_GOALIES_FORM!$R$1))-M21 -> -3.3649913 | K21: =G21-CALC_GOALIES_FORM!$R$1 -> -0.0049010889 | L21: =SUMIFS(CALC_GOALIES_FORM!F:F,CALC_GOALIES_FORM!D:D,CALC_GOALIES!B26,CALC_GOALIES_FORM!A:A,CALC_GOALIES!A26) -> 147 | M21: =SUMIFS(CALC_GOALIES_FORM!H:H,CALC_GOALIES_FORM!D:D,CALC_GOALIES!B26,CALC_GOALIES_FORM!A:A,CALC_GOALIES!A26) -> 17 | N21: RS
A22: 25/26 | B22: Kacetl | C22: =_xlfn.XLOOKUP(B22,RAW_GAMES!R:R,RAW_GAMES!E:E) -> TRI | D22: =COUNTIFS(RAW_GAMES!R:R,B22,RAW_GAMES!V:V,CALC_GOALIES!N6) -> 14 | E22: =SUMIFS(RAW_GAMES!K:K,RAW_GAMES!R:R,B22,RAW_GAMES!V:V,N22) -> 427 | F22: =SUMIFS(RAW_GAMES!I:I,RAW_GAMES!R:R,B22,RAW_GAMES!V:V,N22) -> 48 | G22: =1-(F22/E22) -> 0.88758782 | H22: =AVERAGEIFS(CALC_GOALIES_FORM!I:I,CALC_GOALIES_FORM!D:D,CALC_GOALIES!B6,CALC_GOALIES_FORM!A:A,CALC_GOALIES!A6) -> 0.91184321 | I22: =(G22-0.915)*E22 -> -11.705 | J22: =(L22*(1-CALC_GOALIES_FORM!$R$1))-M22 -> 0.56256029 | K22: =G22-CALC_GOALIES_FORM!$R$1 -> -0.019657017 | L22: =SUMIFS(CALC_GOALIES_FORM!F:F,CALC_GOALIES_FORM!D:D,CALC_GOALIES!B6,CALC_GOALIES_FORM!A:A,CALC_GOALIES!A6) -> 157 | M22: =SUMIFS(CALC_GOALIES_FORM!H:H,CALC_GOALIES_FORM!D:D,CALC_GOALIES!B6,CALC_GOALIES_FORM!A:A,CALC_GOALIES!A6) -> 14 | N22: RS
A23: 25/26 | B23: Westerholm | C23: =_xlfn.XLOOKUP(B23,RAW_GAMES!R:R,RAW_GAMES!E:E) -> MBL | D23: =COUNTIFS(RAW_GAMES!R:R,B23,RAW_GAMES!V:V,CALC_GOALIES!N9) -> 11 | E23: =SUMIFS(RAW_GAMES!K:K,RAW_GAMES!R:R,B23,RAW_GAMES!V:V,N23) -> 351 | F23: =SUMIFS(RAW_GAMES!I:I,RAW_GAMES!R:R,B23,RAW_GAMES!V:V,N23) -> 42 | G23: =1-(F23/E23) -> 0.88034188 | H23: =AVERAGEIFS(CALC_GOALIES_FORM!I:I,CALC_GOALIES_FORM!D:D,CALC_GOALIES!B9,CALC_GOALIES_FORM!A:A,CALC_GOALIES!A9) -> 0.90012557 | I23: =(G23-0.915)*E23 -> -12.165 | J23: =(L23*(1-CALC_GOALIES_FORM!$R$1))-M23 -> 0.36827127 | K23: =G23-CALC_GOALIES_FORM!$R$1 -> -0.026902959 | L23: =SUMIFS(CALC_GOALIES_FORM!F:F,CALC_GOALIES_FORM!D:D,CALC_GOALIES!B9,CALC_GOALIES_FORM!A:A,CALC_GOALIES!A9) -> 101 | M23: =SUMIFS(CALC_GOALIES_FORM!H:H,CALC_GOALIES_FORM!D:D,CALC_GOALIES!B9,CALC_GOALIES_FORM!A:A,CALC_GOALIES!A9) -> 9 | N23: RS
A24: 25/26 | B24: Kavan | C24: =_xlfn.XLOOKUP(B24,RAW_GAMES!R:R,RAW_GAMES!E:E) -> KOM | D24: =COUNTIFS(RAW_GAMES!R:R,B24,RAW_GAMES!V:V,CALC_GOALIES!N31) -> 10 | E24: =SUMIFS(RAW_GAMES!K:K,RAW_GAMES!R:R,B24,RAW_GAMES!V:V,N24) -> 271 | F24: =SUMIFS(RAW_GAMES!I:I,RAW_GAMES!R:R,B24,RAW_GAMES!V:V,N24) -> 30 | G24: =1-(F24/E24) -> 0.88929889 | H24: =AVERAGEIFS(CALC_GOALIES_FORM!I:I,CALC_GOALIES_FORM!D:D,CALC_GOALIES!B31,CALC_GOALIES_FORM!A:A,CALC_GOALIES!A31) -> 0.88848358 | I24: =(G24-0.915)*E24 -> -6.965 | J24: =(L24*(1-CALC_GOALIES_FORM!$R$1))-M24 -> -2.4056049 | K24: =G24-CALC_GOALIES_FORM!$R$1 -> -0.017945946 | L24: =SUMIFS(CALC_GOALIES_FORM!F:F,CALC_GOALIES_FORM!D:D,CALC_GOALIES!B31,CALC_GOALIES_FORM!A:A,CALC_GOALIES!A31) -> 125 | M24: =SUMIFS(CALC_GOALIES_FORM!H:H,CALC_GOALIES_FORM!D:D,CALC_GOALIES!B31,CALC_GOALIES_FORM!A:A,CALC_GOALIES!A31) -> 14 | N24: RS
A25: 25/26 | B25: Kořenář | C25: =_xlfn.XLOOKUP(B25,RAW_GAMES!R:R,RAW_GAMES!E:E) -> SPA | D25: =COUNTIFS(RAW_GAMES!R:R,B25,RAW_GAMES!V:V,CALC_GOALIES!N23) -> 23 | E25: =SUMIFS(RAW_GAMES!K:K,RAW_GAMES!R:R,B25,RAW_GAMES!V:V,N25) -> 590 | F25: =SUMIFS(RAW_GAMES!I:I,RAW_GAMES!R:R,B25,RAW_GAMES!V:V,N25) -> 61 | G25: =1-(F25/E25) -> 0.89661017 | H25: =AVERAGEIFS(CALC_GOALIES_FORM!I:I,CALC_GOALIES_FORM!D:D,CALC_GOALIES!B23,CALC_GOALIES_FORM!A:A,CALC_GOALIES!A23) -> 0.87700025 | I25: =(G25-0.915)*E25 -> -10.85 | J25: =(L25*(1-CALC_GOALIES_FORM!$R$1))-M25 -> -4.2722362 | K25: =G25-CALC_GOALIES_FORM!$R$1 -> -0.010634669 | L25: =SUMIFS(CALC_GOALIES_FORM!F:F,CALC_GOALIES_FORM!D:D,CALC_GOALIES!B23,CALC_GOALIES_FORM!A:A,CALC_GOALIES!A23) -> 148 | M25: =SUMIFS(CALC_GOALIES_FORM!H:H,CALC_GOALIES_FORM!D:D,CALC_GOALIES!B23,CALC_GOALIES_FORM!A:A,CALC_GOALIES!A23) -> 18 | N25: RS
A26: 25/26 | B26: Krošelj | C26: =_xlfn.XLOOKUP(B26,RAW_GAMES!R:R,RAW_GAMES!E:E) -> KOM | D26: =COUNTIFS(RAW_GAMES!R:R,B26,RAW_GAMES!V:V,CALC_GOALIES!N30) -> 4 | E26: =SUMIFS(RAW_GAMES!K:K,RAW_GAMES!R:R,B26,RAW_GAMES!V:V,N26) -> 147 | F26: =SUMIFS(RAW_GAMES!I:I,RAW_GAMES!R:R,B26,RAW_GAMES!V:V,N26) -> 17 | G26: =1-(F26/E26) -> 0.88435374 | H26: =AVERAGEIFS(CALC_GOALIES_FORM!I:I,CALC_GOALIES_FORM!D:D,CALC_GOALIES!B30,CALC_GOALIES_FORM!A:A,CALC_GOALIES!A30) -> 0.88181256 | I26: =(G26-0.915)*E26 -> -4.505 | J26: =(L26*(1-CALC_GOALIES_FORM!$R$1))-M26 -> -3.7157052 | K26: =G26-CALC_GOALIES_FORM!$R$1 -> -0.022891097 | L26: =SUMIFS(CALC_GOALIES_FORM!F:F,CALC_GOALIES_FORM!D:D,CALC_GOALIES!B30,CALC_GOALIES_FORM!A:A,CALC_GOALIES!A30) -> 154 | M26: =SUMIFS(CALC_GOALIES_FORM!H:H,CALC_GOALIES_FORM!D:D,CALC_GOALIES!B30,CALC_GOALIES_FORM!A:A,CALC_GOALIES!A30) -> 18 | N26: RS
A27: 25/26 | B27: Lukeš | C27: =_xlfn.XLOOKUP(B27,RAW_GAMES!R:R,RAW_GAMES!E:E) -> KLA | D27: =COUNTIFS(RAW_GAMES!R:R,B27,RAW_GAMES!V:V,CALC_GOALIES!N12) -> 8 | E27: =SUMIFS(RAW_GAMES!K:K,RAW_GAMES!R:R,B27,RAW_GAMES!V:V,N27) -> 191 | F27: =SUMIFS(RAW_GAMES!I:I,RAW_GAMES!R:R,B27,RAW_GAMES!V:V,N27) -> 23 | G27: =1-(F27/E27) -> 0.87958115 | H27: =AVERAGEIFS(CALC_GOALIES_FORM!I:I,CALC_GOALIES_FORM!D:D,CALC_GOALIES!B12,CALC_GOALIES_FORM!A:A,CALC_GOALIES!A12) -> 0.88407692 | I27: =(G27-0.915)*E27 -> -6.765 | J27: =(L27*(1-CALC_GOALIES_FORM!$R$1))-M27 -> -3.5301949 | K27: =G27-CALC_GOALIES_FORM!$R$1 -> -0.027663687 | L27: =SUMIFS(CALC_GOALIES_FORM!F:F,CALC_GOALIES_FORM!D:D,CALC_GOALIES!B12,CALC_GOALIES_FORM!A:A,CALC_GOALIES!A12) -> 156 | M27: =SUMIFS(CALC_GOALIES_FORM!H:H,CALC_GOALIES_FORM!D:D,CALC_GOALIES!B12,CALC_GOALIES_FORM!A:A,CALC_GOALIES!A12) -> 18 | N27: RS
A28: 25/26 | B28: Čajan | C28: =_xlfn.XLOOKUP(B28,RAW_GAMES!R:R,RAW_GAMES!E:E) -> LIT | D28: =COUNTIFS(RAW_GAMES!R:R,B28,RAW_GAMES!V:V,CALC_GOALIES!N27) -> 27 | E28: =SUMIFS(RAW_GAMES!K:K,RAW_GAMES!R:R,B28,RAW_GAMES!V:V,N28) -> 922 | F28: =SUMIFS(RAW_GAMES!I:I,RAW_GAMES!R:R,B28,RAW_GAMES!V:V,N28) -> 93 | G28: =1-(F28/E28) -> 0.89913232 | H28: =AVERAGEIFS(CALC_GOALIES_FORM!I:I,CALC_GOALIES_FORM!D:D,CALC_GOALIES!B27,CALC_GOALIES_FORM!A:A,CALC_GOALIES!A27) -> 0.88903257 | I28: =(G28-0.915)*E28 -> -14.63 | J28: =(L28*(1-CALC_GOALIES_FORM!$R$1))-M28 -> -1.3128497 | K28: =G28-CALC_GOALIES_FORM!$R$1 -> -0.0081125179 | L28: =SUMIFS(CALC_GOALIES_FORM!F:F,CALC_GOALIES_FORM!D:D,CALC_GOALIES!B27,CALC_GOALIES_FORM!A:A,CALC_GOALIES!A27) -> 126 | M28: =SUMIFS(CALC_GOALIES_FORM!H:H,CALC_GOALIES_FORM!D:D,CALC_GOALIES!B27,CALC_GOALIES_FORM!A:A,CALC_GOALIES!A27) -> 13 | N28: RS
A29: 25/26 | B29: Dansk | C29: =_xlfn.XLOOKUP(B29,RAW_GAMES!R:R,RAW_GAMES!E:E) -> KLA | D29: =COUNTIFS(RAW_GAMES!R:R,B29,RAW_GAMES!V:V,CALC_GOALIES!N21) -> 13 | E29: =SUMIFS(RAW_GAMES!K:K,RAW_GAMES!R:R,B29,RAW_GAMES!V:V,N29) -> 402 | F29: =SUMIFS(RAW_GAMES!I:I,RAW_GAMES!R:R,B29,RAW_GAMES!V:V,N29) -> 45 | G29: =1-(F29/E29) -> 0.8880597 | H29: =AVERAGEIFS(CALC_GOALIES_FORM!I:I,CALC_GOALIES_FORM!D:D,CALC_GOALIES!B21,CALC_GOALIES_FORM!A:A,CALC_GOALIES!A21) -> 0.89958585 | I29: =(G29-0.915)*E29 -> -10.83 | J29: =(L29*(1-CALC_GOALIES_FORM!$R$1))-M29 -> -0.60264326 | K29: =G29-CALC_GOALIES_FORM!$R$1 -> -0.019185137 | L29: =SUMIFS(CALC_GOALIES_FORM!F:F,CALC_GOALIES_FORM!D:D,CALC_GOALIES!B21,CALC_GOALIES_FORM!A:A,CALC_GOALIES!A21) -> 166 | M29: =SUMIFS(CALC_GOALIES_FORM!H:H,CALC_GOALIES_FORM!D:D,CALC_GOALIES!B21,CALC_GOALIES_FORM!A:A,CALC_GOALIES!A21) -> 16 | N29: RS
A30: 25/26 | B30: Cichoň | C30: =_xlfn.XLOOKUP(B30,RAW_GAMES!R:R,RAW_GAMES!E:E) -> OLO | D30: =COUNTIFS(RAW_GAMES!R:R,B30,RAW_GAMES!V:V,CALC_GOALIES!N19) -> 14 | E30: =SUMIFS(RAW_GAMES!K:K,RAW_GAMES!R:R,B30,RAW_GAMES!V:V,N30) -> 451 | F30: =SUMIFS(RAW_GAMES!I:I,RAW_GAMES!R:R,B30,RAW_GAMES!V:V,N30) -> 51 | G30: =1-(F30/E30) -> 0.88691796 | H30: =AVERAGEIFS(CALC_GOALIES_FORM!I:I,CALC_GOALIES_FORM!D:D,CALC_GOALIES!B19,CALC_GOALIES_FORM!A:A,CALC_GOALIES!A19) -> 0.90073145 | I30: =(G30-0.915)*E30 -> -12.665 | J30: =(L30*(1-CALC_GOALIES_FORM!$R$1))-M30 -> -0.24918001 | K30: =G30-CALC_GOALIES_FORM!$R$1 -> -0.020326879 | L30: =SUMIFS(CALC_GOALIES_FORM!F:F,CALC_GOALIES_FORM!D:D,CALC_GOALIES!B19,CALC_GOALIES_FORM!A:A,CALC_GOALIES!A19) -> 62 | M30: =SUMIFS(CALC_GOALIES_FORM!H:H,CALC_GOALIES_FORM!D:D,CALC_GOALIES!B19,CALC_GOALIES_FORM!A:A,CALC_GOALIES!A19) -> 6 | N30: RS
A31: 25/26 | B31: Král | C31: =_xlfn.XLOOKUP(B31,RAW_GAMES!R:R,RAW_GAMES!E:E) -> KVA | D31: =COUNTIFS(RAW_GAMES!R:R,B31,RAW_GAMES!V:V,CALC_GOALIES!N34) -> 13 | E31: =SUMIFS(RAW_GAMES!K:K,RAW_GAMES!R:R,B31,RAW_GAMES!V:V,N31) -> 364 | F31: =SUMIFS(RAW_GAMES!I:I,RAW_GAMES!R:R,B31,RAW_GAMES!V:V,N31) -> 42 | G31: =1-(F31/E31) -> 0.88461538 | H31: =AVERAGEIFS(CALC_GOALIES_FORM!I:I,CALC_GOALIES_FORM!D:D,CALC_GOALIES!B34,CALC_GOALIES_FORM!A:A,CALC_GOALIES!A34) -> 0.87788142 | I31: =(G31-0.915)*E31 -> -11.06 | J31: =(L31*(1-CALC_GOALIES_FORM!$R$1))-M31 -> -3.9418291 | K31: =G31-CALC_GOALIES_FORM!$R$1 -> -0.022629454 | L31: =SUMIFS(CALC_GOALIES_FORM!F:F,CALC_GOALIES_FORM!D:D,CALC_GOALIES!B34,CALC_GOALIES_FORM!A:A,CALC_GOALIES!A34) -> 130 | M31: =SUMIFS(CALC_GOALIES_FORM!H:H,CALC_GOALIES_FORM!D:D,CALC_GOALIES!B34,CALC_GOALIES_FORM!A:A,CALC_GOALIES!A34) -> 16 | N31: RS
A32: 25/26 | B32: Mařík | C32: =_xlfn.XLOOKUP(B32,RAW_GAMES!R:R,RAW_GAMES!E:E) -> CEB | D32: =COUNTIFS(RAW_GAMES!R:R,B32,RAW_GAMES!V:V,CALC_GOALIES!N10) -> 5 | E32: =SUMIFS(RAW_GAMES!K:K,RAW_GAMES!R:R,B32,RAW_GAMES!V:V,N32) -> 125 | F32: =SUMIFS(RAW_GAMES!I:I,RAW_GAMES!R:R,B32,RAW_GAMES!V:V,N32) -> 17 | G32: =1-(F32/E32) -> 0.864 | H32: =AVERAGEIFS(CALC_GOALIES_FORM!I:I,CALC_GOALIES_FORM!D:D,CALC_GOALIES!B10,CALC_GOALIES_FORM!A:A,CALC_GOALIES!A10) -> 0.91637899 | I32: =(G32-0.915)*E32 -> -6.375 | J32: =(L32*(1-CALC_GOALIES_FORM!$R$1))-M32 -> 0.46980513 | K32: =G32-CALC_GOALIES_FORM!$R$1 -> -0.043244839 | L32: =SUMIFS(CALC_GOALIES_FORM!F:F,CALC_GOALIES_FORM!D:D,CALC_GOALIES!B10,CALC_GOALIES_FORM!A:A,CALC_GOALIES!A10) -> 156 | M32: =SUMIFS(CALC_GOALIES_FORM!H:H,CALC_GOALIES_FORM!D:D,CALC_GOALIES!B10,CALC_GOALIES_FORM!A:A,CALC_GOALIES!A10) -> 14 | N32: RS
A33: 25/26 | B33: Klimeš | C33: =_xlfn.XLOOKUP(B33,RAW_GAMES!R:R,RAW_GAMES!E:E) -> VIT | D33: =COUNTIFS(RAW_GAMES!R:R,B33,RAW_GAMES!V:V,CALC_GOALIES!N33) -> 5 | E33: =SUMIFS(RAW_GAMES!K:K,RAW_GAMES!R:R,B33,RAW_GAMES!V:V,N33) -> 158 | F33: =SUMIFS(RAW_GAMES!I:I,RAW_GAMES!R:R,B33,RAW_GAMES!V:V,N33) -> 21 | G33: =1-(F33/E33) -> 0.86708861 | H33: =AVERAGEIFS(CALC_GOALIES_FORM!I:I,CALC_GOALIES_FORM!D:D,CALC_GOALIES!B33,CALC_GOALIES_FORM!A:A,CALC_GOALIES!A33) -> 0.86290821 | I33: =(G33-0.915)*E33 -> -7.57 | J33: =(L33*(1-CALC_GOALIES_FORM!$R$1))-M33 -> -6.3446845 | K33: =G33-CALC_GOALIES_FORM!$R$1 -> -0.040156231 | L33: =SUMIFS(CALC_GOALIES_FORM!F:F,CALC_GOALIES_FORM!D:D,CALC_GOALIES!B33,CALC_GOALIES_FORM!A:A,CALC_GOALIES!A33) -> 158 | M33: =SUMIFS(CALC_GOALIES_FORM!H:H,CALC_GOALIES_FORM!D:D,CALC_GOALIES!B33,CALC_GOALIES_FORM!A:A,CALC_GOALIES!A33) -> 21 | N33: RS
A34: 25/26 | B34: Novotný | C34: =_xlfn.XLOOKUP(B34,RAW_GAMES!R:R,RAW_GAMES!E:E) -> MHK | D34: =COUNTIFS(RAW_GAMES!R:R,B34,RAW_GAMES!V:V,CALC_GOALIES!N15) -> 9 | E34: =SUMIFS(RAW_GAMES!K:K,RAW_GAMES!R:R,B34,RAW_GAMES!V:V,N34) -> 236 | F34: =SUMIFS(RAW_GAMES!I:I,RAW_GAMES!R:R,B34,RAW_GAMES!V:V,N34) -> 37 | G34: =1-(F34/E34) -> 0.84322034 | H34: =AVERAGEIFS(CALC_GOALIES_FORM!I:I,CALC_GOALIES_FORM!D:D,CALC_GOALIES!B15,CALC_GOALIES_FORM!A:A,CALC_GOALIES!A15) -> 0.92689394 | I34: =(G34-0.915)*E34 -> -16.94 | J34: =(L34*(1-CALC_GOALIES_FORM!$R$1))-M34 -> 4.3973567 | K34: =G34-CALC_GOALIES_FORM!$R$1 -> -0.0640245 | L34: =SUMIFS(CALC_GOALIES_FORM!F:F,CALC_GOALIES_FORM!D:D,CALC_GOALIES!B15,CALC_GOALIES_FORM!A:A,CALC_GOALIES!A15) -> 166 | M34: =SUMIFS(CALC_GOALIES_FORM!H:H,CALC_GOALIES_FORM!D:D,CALC_GOALIES!B15,CALC_GOALIES_FORM!A:A,CALC_GOALIES!A15) -> 11 | N34: RS
A35: 25/26 | B35: Kubík | C35: =_xlfn.XLOOKUP(B35,RAW_GAMES!R:R,RAW_GAMES!E:E) -> LIT | D35: =COUNTIFS(RAW_GAMES!R:R,B35,RAW_GAMES!V:V,CALC_GOALIES!N32) -> 1 | E35: =SUMIFS(RAW_GAMES!K:K,RAW_GAMES!R:R,B35,RAW_GAMES!V:V,N35) -> 31 | F35: =SUMIFS(RAW_GAMES!I:I,RAW_GAMES!R:R,B35,RAW_GAMES!V:V,N35) -> 6 | G35: =1-(F35/E35) -> 0.80645161 | H35: =AVERAGEIFS(CALC_GOALIES_FORM!I:I,CALC_GOALIES_FORM!D:D,CALC_GOALIES!B32,CALC_GOALIES_FORM!A:A,CALC_GOALIES!A32) -> 0.86043478 | I35: =(G35-0.915)*E35 -> -3.365 | J35: =(L35*(1-CALC_GOALIES_FORM!$R$1))-M35 -> -5.4056049 | K35: =G35-CALC_GOALIES_FORM!$R$1 -> -0.10079323 | L35: =SUMIFS(CALC_GOALIES_FORM!F:F,CALC_GOALIES_FORM!D:D,CALC_GOALIES!B32,CALC_GOALIES_FORM!A:A,CALC_GOALIES!A32) -> 125 | M35: =SUMIFS(CALC_GOALIES_FORM!H:H,CALC_GOALIES_FORM!D:D,CALC_GOALIES!B32,CALC_GOALIES_FORM!A:A,CALC_GOALIES!A32) -> 17 | N35: RS
A36: 25/26 | B36: Furch | C36: =_xlfn.XLOOKUP(B36,RAW_GAMES!R:R,RAW_GAMES!E:E) -> MBL | D36: =COUNTIFS(RAW_GAMES!R:R,B36,RAW_GAMES!V:V,CALC_GOALIES!N33) -> 38 | E36: =SUMIFS(RAW_GAMES!K:K,RAW_GAMES!R:R,B36,RAW_GAMES!V:V,N36) -> 1008 | F36: =SUMIFS(RAW_GAMES!I:I,RAW_GAMES!R:R,B36,RAW_GAMES!V:V,N36) -> 98 | G36: =1-(F36/E36) -> 0.90277778 | H36: =AVERAGEIFS(CALC_GOALIES_FORM!I:I,CALC_GOALIES_FORM!D:D,CALC_GOALIES!B33,CALC_GOALIES_FORM!A:A,CALC_GOALIES!A33) -> 0.86290821 | I36: =(G36-0.915)*E36 -> -12.32 | J36: =(L36*(1-CALC_GOALIES_FORM!$R$1))-M36 -> -6.3446845 | K36: =G36-CALC_GOALIES_FORM!$R$1 -> -0.0044670611 | L36: =SUMIFS(CALC_GOALIES_FORM!F:F,CALC_GOALIES_FORM!D:D,CALC_GOALIES!B33,CALC_GOALIES_FORM!A:A,CALC_GOALIES!A33) -> 158 | M36: =SUMIFS(CALC_GOALIES_FORM!H:H,CALC_GOALIES_FORM!D:D,CALC_GOALIES!B33,CALC_GOALIES_FORM!A:A,CALC_GOALIES!A33) -> 21 | N36: RS
A37: 25/26 | B37: Hrachovina | C37: =_xlfn.XLOOKUP(B37,RAW_GAMES!R:R,RAW_GAMES!E:E) -> VIT | D37: =COUNTIFS(RAW_GAMES!R:R,B37,RAW_GAMES!V:V,CALC_GOALIES!N34) -> 47 | E37: =SUMIFS(RAW_GAMES!K:K,RAW_GAMES!R:R,B37,RAW_GAMES!V:V,N37) -> 1530 | F37: =SUMIFS(RAW_GAMES!I:I,RAW_GAMES!R:R,B37,RAW_GAMES!V:V,N37) -> 139 | G37: =1-(F37/E37) -> 0.90915033 | H37: =AVERAGEIFS(CALC_GOALIES_FORM!I:I,CALC_GOALIES_FORM!D:D,CALC_GOALIES!B34,CALC_GOALIES_FORM!A:A,CALC_GOALIES!A34) -> 0.87788142 | I37: =(G37-0.915)*E37 -> -8.95 | J37: =(L37*(1-CALC_GOALIES_FORM!$R$1))-M37 -> -3.9418291 | K37: =G37-CALC_GOALIES_FORM!$R$1 -> 0.0019054879 | L37: =SUMIFS(CALC_GOALIES_FORM!F:F,CALC_GOALIES_FORM!D:D,CALC_GOALIES!B34,CALC_GOALIES_FORM!A:A,CALC_GOALIES!A34) -> 130 | M37: =SUMIFS(CALC_GOALIES_FORM!H:H,CALC_GOALIES_FORM!D:D,CALC_GOALIES!B34,CALC_GOALIES_FORM!A:A,CALC_GOALIES!A34) -> 16 | N37: RS

Sheet CALC_GOALIES_FORM
A1: Season | B1: Date | C1: Team | D1: Goalie | E1: Minutes | F1: Shots_Against | G1: Saves | H1: Goals_Against | I1: SV% | J1: GSAA | Q1: SV%League | R1: =1-(SUM(CALC_GOALIES!F:F)/SUM(CALC_GOALIES!E:E)) -> 0.90724484
A2: {=_xlfn.TAKE(_xlfn._xlws.SORT((_xlfn._xlws.FILTER(RAW_GOALIES_GAMES!A:H,(RAW_GOALIES_GAMES!D:D=CALC_GOALIES!B2),(RAW_GOALIES_GAMES!B:B<TODAY()))),1,-1),-5)} -> 25/26 | B2: 46078 | C2: PLZ | D2: Malík | E2: 0 | F2: 23 | G2: 23 | H2: 0 | I2: =IF(H2<>"",(F2-H2)/F2,"") -> 1 | J2: =(F2*(1-$R$1)-H2) -> 2.1333687
A3: 25/26 | B3: 46080 | C3: PLZ | D3: Malík | E3: 0 | F3: 24 | G3: 21 | H3: 3 | I3: =IF(H3<>"",(F3-H3)/F3,"") -> 0.875 | J3: =(F3*(1-$R$1)-H3) -> -0.77387613
A4: 25/26 | B4: 46082 | C4: PLZ | D4: Malík | E4: 0 | F4: 17 | G4: 15 | H4: 2 | I4: =IF(H4<>"",(F4-H4)/F4,"") -> 0.88235294 | J4: =(F4*(1-$R$1)-H4) -> -0.42316226
A5: 25/26 | B5: 46085 | C5: PLZ | D5: Malík | E5: 0 | F5: 26 | G5: 26 | H5: 0 | I5: =IF(H5<>"",(F5-H5)/F5,"") -> 1 | J5: =(F5*(1-$R$1)-H5) -> 2.4116342
A6: 25/26 | B6: 46087 | C6: PLZ | D6: Malík | E6: 0 | F6: 11 | G6: 9 | H6: 2 | I6: =IF(H6<>"",(F6-H6)/F6,"") -> 0.81818182 | J6: =(F6*(1-$R$1)-H6) -> -0.97969323
A7: {=_xlfn.TAKE(_xlfn._xlws.SORT((_xlfn._xlws.FILTER(RAW_GOALIES_GAMES!A:H,(RAW_GOALIES_GAMES!D:D=CALC_GOALIES!B3),(RAW_GOALIES_GAMES!B:B<TODAY()))),1,-1),-5)} -> 25/26 | B7: 46078 | C7: MHK | D7: Škorvánek | E7: 0 | F7: 25 | G7: 25 | H7: 0 | I7: =IF(H7<>"",(F7-H7)/F7,"") -> 1 | J7: =(F7*(1-$R$1)-H7) -> 2.318879
A8: 25/26 | B8: 46080 | C8: MHK | D8: Škorvánek | E8: 0 | F8: 33 | G8: 31 | H8: 2 | I8: =IF(H8<>"",(F8-H8)/F8,"") -> 0.93939394 | J8: =(F8*(1-$R$1)-H8) -> 1.0609203
A9: 25/26 | B9: 46082 | C9: MHK | D9: Škorvánek | E9: 0 | F9: 32 | G9: 29 | H9: 3 | I9: =IF(H9<>"",(F9-H9)/F9,"") -> 0.90625 | J9: =(F9*(1-$R$1)-H9) -> -0.031834845
A10: 25/26 | B10: 46085 | C10: MHK | D10: Škorvánek | E10: 0 | F10: 29 | G10: 25 | H10: 4 | I10: =IF(H10<>"",(F10-H10)/F10,"") -> 0.86206897 | J10: =(F10*(1-$R$1)-H10) -> -1.3101003
A11: 25/26 | B11: 46087 | C11: MHK | D11: Škorvánek | E11: 0 | F11: 32 | G11: 31 | H11: 1 | I11: =IF(H11<>"",(F11-H11)/F11,"") -> 0.96875 | J11: =(F11*(1-$R$1)-H11) -> 1.9681652
A12: {=_xlfn.TAKE(_xlfn._xlws.SORT((_xlfn._xlws.FILTER(RAW_GOALIES_GAMES!A:H,(RAW_GOALIES_GAMES!D:D=CALC_GOALIES!B4),(RAW_GOALIES_GAMES!B:B<TODAY()))),1,-1),-5)} -> 25/26 | B12: 46078 | C12: TRI | D12: Mazanec | E12: 0 | F12: 21 | G12: 20 | H12: 1 | I12: =IF(H12<>"",(F12-H12)/F12,"") -> 0.95238095 | J12: =(F12*(1-$R$1)-H12) -> 0.94785838
A13: 25/26 | B13: 46080 | C13: TRI | D13: Mazanec | E13: 0 | F13: 29 | G13: 24 | H13: 5 | I13: =IF(H13<>"",(F13-H13)/F13,"") -> 0.82758621 | J13: =(F13*(1-$R$1)-H13) -> -2.3101003
A14: 25/26 | B14: 46082 | C14: TRI | D14: Mazanec | E14: 0 | F14: 24 | G14: 22 | H14: 2 | I14: =IF(H14<>"",(F14-H14)/F14,"") -> 0.91666667 | J14: =(F14*(1-$R$1)-H14) -> 0.22612387
A15: 25/26 | B15: 46085 | C15: TRI | D15: Mazanec | E15: 0 | F15: 27 | G15: 26 | H15: 1 | I15: =IF(H15<>"",(F15-H15)/F15,"") -> 0.96296296 | J15: =(F15*(1-$R$1)-H15) -> 1.5043893
A16: 25/26 | B16: 46087 | C16: TRI | D16: Mazanec | E16: 0 | F16: 22 | G16: 21 | H16: 2 | I16: =IF(H16<>"",(F16-H16)/F16,"") -> 0.90909091 | J16: =(F16*(1-$R$1)-H16) -> 0.040613544
A17: {=_xlfn.TAKE(_xlfn._xlws.SORT((_xlfn._xlws.FILTER(RAW_GOALIES_GAMES!A:H,(RAW_GOALIES_GAMES!D:D=CALC_GOALIES!B5),(RAW_GOALIES_GAMES!B:B<TODAY()))),1,-1),-5)} -> 25/26 | B17: 46052 | C17: LIB | D17: Kváča | E17: 0 | F17: 32 | G17: 30 | H17: 3 | I17: =IF(H17<>"",(F17-H17)/F17,"") -> 0.90625 | J17: =(F17*(1-$R$1)-H17) -> -0.031834845
A18: 25/26 | B18: 46078 | C18: LIB | D18: Kváča | E18: 0 | F18: 18 | G18: 15 | H18: 2 | I18: =IF(H18<>"",(F18-H18)/F18,"") -> 0.88888889 | J18: =(F18*(1-$R$1)-H18) -> -0.3304071
A19: 25/26 | B19: 46080 | C19: LIB | D19: Kváča | E19: 0 | F19: 35 | G19: 31 | H19: 4 | I19: =IF(H19<>"",(F19-H19)/F19,"") -> 0.88571429 | J19: =(F19*(1-$R$1)-H19) -> -0.75356936
A20: 25/26 | B20: 46082 | C20: LIB | D20: Kváča | E20: 0 | F20: 17 | G20: 14 | H20: 3 | I20: =IF(H20<>"",(F20-H20)/F20,"") -> 0.82352941 | J20: =(F20*(1-$R$1)-H20) -> -1.4231623
A21: 25/26 | B21: 46085 | C21: LIB | D21: Kváča | E21: 0 | F21: 21 | G21: 21 | H21: 0 | I21: =IF(H21<>"",(F21-H21)/F21,"") -> 1 | J21: =(F21*(1-$R$1)-H21) -> 1.9478584
A22: {=_xlfn.TAKE(_xlfn._xlws.SORT((_xlfn._xlws.FILTER(RAW_GOALIES_GAMES!A:H,(RAW_GOALIES_GAMES!D:D=CALC_GOALIES!B6),(RAW_GOALIES_GAMES!B:B<TODAY()))),1,-1),-5)} -> 25/26 | B22: 46033 | C22: MBL | D22: Mokry | E22: 0 | F22: 32 | G22: 29 | H22: 3 | I22: =IF(H22<>"",(F22-H22)/F22,"") -> 0.90625 | J22: =(F22*(1-$R$1)-H22) -> -0.031834845
A23: 25/26 | B23: 46035 | C23: MBL | D23: Mokry | E23: 0 | F23: 26 | G23: 26 | H23: 0 | I23: =IF(H23<>"",(F23-H23)/F23,"") -> 1 | J23: =(F23*(1-$R$1)-H23) -> 2.4116342
A24: 25/26 | B24: 46047 | C24: MBL | D24: Mokry | E24: 0 | F24: 43 | G24: 39 | H24: 4 | I24: =IF(H24<>"",(F24-H24)/F24,"") -> 0.90697674 | J24: =(F24*(1-$R$1)-H24) -> -0.011528073
A25: 25/26 | B25: 46051 | C25: MBL | D25: Mokry | E25: 0 | F25: 34 | G25: 30 | H25: 4 | I25: =IF(H25<>"",(F25-H25)/F25,"") -> 0.88235294 | J25: =(F25*(1-$R$1)-H25) -> -0.84632452
A26: 25/26 | B26: 46087 | C26: MBL | D26: Mokry | E26: 0 | F26: 22 | G26: 19 | H26: 3 | I26: =IF(H26<>"",(F26-H26)/F26,"") -> 0.86363636 | J26: =(F26*(1-$R$1)-H26) -> -0.95938646
A27: {=_xlfn.TAKE(_xlfn._xlws.SORT((_xlfn._xlws.FILTER(RAW_GOALIES_GAMES!A:H,(RAW_GOALIES_GAMES!D:D=CALC_GOALIES!B7),(RAW_GOALIES_GAMES!B:B<TODAY()))),1,-1),-5)} -> 25/26 | B27: 46043 | C27: PCE | D27: Will | E27: 0 | F27: 19 | G27: 18 | H27: 1 | I27: =IF(H27<>"",(F27-H27)/F27,"") -> 0.94736842 | J27: =(F27*(1-$R$1)-H27) -> 0.76234806
A28: 25/26 | B28: 46047 | C28: PCE | D28: Will | E28: 0 | F28: 23 | G28: 19 | H28: 4 | I28: =IF(H28<>"",(F28-H28)/F28,"") -> 0.82608696 | J28: =(F28*(1-$R$1)-H28) -> -1.8666313
A29: 25/26 | B29: 46049 | C29: PCE | D29: Will | E29: 0 | F29: 22 | G29: 21 | H29: 1 | I29: =IF(H29<>"",(F29-H29)/F29,"") -> 0.95454545 | J29: =(F29*(1-$R$1)-H29) -> 1.0406135
A30: 25/26 | B30: 46080 | C30: PCE | D30: Will | E30: 0 | F30: 26 | G30: 25 | H30: 1 | I30: =IF(H30<>"",(F30-H30)/F30,"") -> 0.96153846 | J30: =(F30*(1-$R$1)-H30) -> 1.4116342
A31: 25/26 | B31: 46085 | C31: PCE | D31: Will | E31: 0 | F31: 17 | G31: 13 | H31: 4 | I31: =IF(H31<>"",(F31-H31)/F31,"") -> 0.76470588 | J31: =(F31*(1-$R$1)-H31) -> -2.4231623
A32: {=_xlfn.TAKE(_xlfn._xlws.SORT((_xlfn._xlws.FILTER(RAW_GOALIES_GAMES!A:H,(RAW_GOALIES_GAMES!D:D=CALC_GOALIES!B8),(RAW_GOALIES_GAMES!B:B<TODAY()))),1,-1),-5)} -> 25/26 | B32: 46051 | C32: KLA | D32: Brízgala | E32: 0 | F32: 23 | G32: 22 | H32: 1 | I32: =IF(H32<>"",(F32-H32)/F32,"") -> 0.95652174 | J32: =(F32*(1-$R$1)-H32) -> 1.1333687
A33: 25/26 | B33: 46078 | C33: KLA | D33: Brízgala | E33: 0 | F33: 24 | G33: 21 | H33: 3 | I33: =IF(H33<>"",(F33-H33)/F33,"") -> 0.875 | J33: =(F33*(1-$R$1)-H33) -> -0.77387613
A34: 25/26 | B34: 46080 | C34: KLA | D34: Brízgala | E34: 0 | F34: 27 | G34: 25 | H34: 2 | I34: =IF(H34<>"",(F34-H34)/F34,"") -> 0.92592593 | J34: =(F34*(1-$R$1)-H34) -> 0.50438935
A35: 25/26 | B35: 46082 | C35: KLA | D35: Brízgala | E35: 0 | F35: 18 | G35: 16 | H35: 2 | I35: =IF(H35<>"",(F35-H35)/F35,"") -> 0.88888889 | J35: =(F35*(1-$R$1)-H35) -> -0.3304071
A36: 25/26 | B36: 46087 | C36: KLA | D36: Brízgala | E36: 0 | F36: 28 | G36: 27 | H36: 1 | I36: =IF(H36<>"",(F36-H36)/F36,"") -> 0.96428571 | J36: =(F36*(1-$R$1)-H36) -> 1.5971445
A37: {=_xlfn.TAKE(_xlfn._xlws.SORT((_xlfn._xlws.FILTER(RAW_GOALIES_GAMES!A:H,(RAW_GOALIES_GAMES!D:D=CALC_GOALIES!B9),(RAW_GOALIES_GAMES!B:B<TODAY()))),1,-1),-5)} -> 25/26 | B37: 45926 | C37: SPA | D37: Michajlov | E37: 0 | F37: 21 | G37: 19 | H37: 2 | I37: =IF(H37<>"",(F37-H37)/F37,"") -> 0.9047619 | J37: =(F37*(1-$R$1)-H37) -> -0.052141617
A38: 25/26 | B38: 45928 | C38: SPA | D38: Michajlov | E38: 0 | F38: 17 | G38: 14 | H38: 3 | I38: =IF(H38<>"",(F38-H38)/F38,"") -> 0.82352941 | J38: =(F38*(1-$R$1)-H38) -> -1.4231623
A39: 25/26 | B39: 45930 | C39: SPA | D39: Michajlov | E39: 0 | F39: 34 | G39: 32 | H39: 2 | I39: =IF(H39<>"",(F39-H39)/F39,"") -> 0.94117647 | J39: =(F39*(1-$R$1)-H39) -> 1.1536755
A40: 25/26 | B40: 45933 | C40: SPA | D40: Michajlov | E40: 0 | F40: 29 | G40: 27 | H40: 2 | I40: =IF(H40<>"",(F40-H40)/F40,"") -> 0.93103448 | J40: =(F40*(1-$R$1)-H40) -> 0.68989967
I41: =IF(H41<>"",(F41-H41)/F41,"") | J41: =(F41*(1-$R$1)-H41) -> 0
A42: {=_xlfn.TAKE(_xlfn._xlws.SORT((_xlfn._xlws.FILTER(RAW_GOALIES_GAMES!A:H,(RAW_GOALIES_GAMES!D:D=CALC_GOALIES!B10),(RAW_GOALIES_GAMES!B:B<TODAY()))),1,-1),-5)} -> 25/26 | B42: 45923 | C42: PCE | D42: Vomáčka | E42: 0 | F42: 39 | G42: 35 | H42: 4 | I42: =IF(H42<>"",(F42-H42)/F42,"") -> 0.8974359 | J42: =(F42*(1-$R$1)-H42) -> -0.38254872
A43: 25/26 | B43: 45930 | C43: PCE | D43: Vomáčka | E43: 0 | F43: 20 | G43: 19 | H43: 1 | I43: =IF(H43<>"",(F43-H43)/F43,"") -> 0.95 | J43: =(F43*(1-$R$1)-H43) -> 0.85510322
A44: 25/26 | B44: 45942 | C44: PCE | D44: Vomáčka | E44: 0 | F44: 26 | G44: 24 | H44: 2 | I44: =IF(H44<>"",(F44-H44)/F44,"") -> 0.92307692 | J44: =(F44*(1-$R$1)-H44) -> 0.41163419
A45: 25/26 | B45: 45947 | C45: PCE | D45: Vomáčka | E45: 0 | F45: 41 | G45: 36 | H45: 5 | I45: =IF(H45<>"",(F45-H45)/F45,"") -> 0.87804878 | J45: =(F45*(1-$R$1)-H45) -> -1.1970384
A46: 25/26 | B46: 46045 | C46: PCE | D46: Vomáčka | E46: 0 | F46: 30 | G46: 28 | H46: 2 | I46: =IF(H46<>"",(F46-H46)/F46,"") -> 0.93333333 | J46: =(F46*(1-$R$1)-H46) -> 0.78265483
A47: {=_xlfn.TAKE(_xlfn._xlws.SORT((_xlfn._xlws.FILTER(RAW_GOALIES_GAMES!A:H,(RAW_GOALIES_GAMES!D:D=CALC_GOALIES!B11),(RAW_GOALIES_GAMES!B:B<TODAY()))),1,-1),-5)} -> 25/26 | B47: 46078 | C47: CEB | D47: Klouček | E47: 0 | F47: 23 | G47: 21 | H47: 2 | I47: =IF(H47<>"",(F47-H47)/F47,"") -> 0.91304348 | J47: =(F47*(1-$R$1)-H47) -> 0.13336871
A48: 25/26 | B48: 46080 | C48: CEB | D48: Klouček | E48: 0 | F48: 32 | G48: 27 | H48: 5 | I48: =IF(H48<>"",(F48-H48)/F48,"") -> 0.84375 | J48: =(F48*(1-$R$1)-H48) -> -2.0318348
A49: 25/26 | B49: 46082 | C49: CEB | D49: Klouček | E49: 0 | F49: 24 | G49: 24 | H49: 0 | I49: =IF(H49<>"",(F49-H49)/F49,"") -> 1 | J49: =(F49*(1-$R$1)-H49) -> 2.2261239
A50: 25/26 | B50: 46085 | C50: CEB | D50: Klouček | E50: 0 | F50: 28 | G50: 25 | H50: 3 | I50: =IF(H50<>"",(F50-H50)/F50,"") -> 0.89285714 | J50: =(F50*(1-$R$1)-H50) -> -0.40285549
A51: 25/26 | B51: 46087 | C51: CEB | D51: Klouček | E51: 0 | F51: 36 | G51: 33 | H51: 3 | I51: =IF(H51<>"",(F51-H51)/F51,"") -> 0.91666667 | J51: =(F51*(1-$R$1)-H51) -> 0.3391858
A52: {=_xlfn.TAKE(_xlfn._xlws.SORT((_xlfn._xlws.FILTER(RAW_GOALIES_GAMES!A:H,(RAW_GOALIES_GAMES!D:D=CALC_GOALIES!B12),(RAW_GOALIES_GAMES!B:B<TODAY()))),1,-1),-5)} -> 25/26 | B52: 46047 | C52: OLO | D52: Machovský | E52: 0 | F52: 25 | G52: 21 | H52: 3 | I52: =IF(H52<>"",(F52-H52)/F52,"") -> 0.88 | J52: =(F52*(1-$R$1)-H52) -> -0.68112097
A53: 25/26 | B53: 46048 | C53: OLO | D53: Machovský | E53: 0 | F53: 39 | G53: 33 | H53: 6 | I53: =IF(H53<>"",(F53-H53)/F53,"") -> 0.84615385 | J53: =(F53*(1-$R$1)-H53) -> -2.3825487
A54: 25/26 | B54: 46077 | C54: OLO | D54: Machovský | E54: 0 | F54: 40 | G54: 37 | H54: 3 | I54: =IF(H54<>"",(F54-H54)/F54,"") -> 0.925 | J54: =(F54*(1-$R$1)-H54) -> 0.71020644
A55: 25/26 | B55: 46080 | C55: OLO | D55: Machovský | E55: 0 | F55: 26 | G55: 22 | H55: 4 | I55: =IF(H55<>"",(F55-H55)/F55,"") -> 0.84615385 | J55: =(F55*(1-$R$1)-H55) -> -1.5883658
A56: 25/26 | B56: 46085 | C56: OLO | D56: Machovský | E56: 0 | F56: 26 | G56: 24 | H56: 2 | I56: =IF(H56<>"",(F56-H56)/F56,"") -> 0.92307692 | J56: =(F56*(1-$R$1)-H56) -> 0.41163419
A57: {=_xlfn.TAKE(_xlfn._xlws.SORT((_xlfn._xlws.FILTER(RAW_GOALIES_GAMES!A:H,(RAW_GOALIES_GAMES!D:D=CALC_GOALIES!B13),(RAW_GOALIES_GAMES!B:B<TODAY()))),1,-1),-5)} -> 25/26 | B57: 46014 | C57: PCE | D57: Subban | E57: 0 | F57: 27 | G57: 27 | H57: 0 | I57: =IF(H57<>"",(F57-H57)/F57,"") -> 1 | J57: =(F57*(1-$R$1)-H57) -> 2.5043893
A58: 25/26 | B58: 46051 | C58: PCE | D58: Subban | E58: 0 | F58: 32 | G58: 29 | H58: 3 | I58: =IF(H58<>"",(F58-H58)/F58,"") -> 0.90625 | J58: =(F58*(1-$R$1)-H58) -> -0.031834845
A59: 25/26 | B59: 46078 | C59: PCE | D59: Subban | E59: 0 | F59: 26 | G59: 24 | H59: 2 | I59: =IF(H59<>"",(F59-H59)/F59,"") -> 0.92307692 | J59: =(F59*(1-$R$1)-H59) -> 0.41163419
A60: 25/26 | B60: 46082 | C60: PCE | D60: Subban | E60: 0 | F60: 25 | G60: 22 | H60: 3 | I60: =IF(H60<>"",(F60-H60)/F60,"") -> 0.88 | J60: =(F60*(1-$R$1)-H60) -> -0.68112097
A61: 25/26 | B61: 46087 | C61: PCE | D61: Subban | E61: 0 | F61: 26 | G61: 25 | H61: 1 | I61: =IF(H61<>"",(F61-H61)/F61,"") -> 0.96153846 | J61: =(F61*(1-$R$1)-H61) -> 1.4116342
A62: {=_xlfn.TAKE(_xlfn._xlws.SORT((_xlfn._xlws.FILTER(RAW_GOALIES_GAMES!A:H,(RAW_GOALIES_GAMES!D:D=CALC_GOALIES!B14),(RAW_GOALIES_GAMES!B:B<TODAY()))),1,-1),-5)} -> 25/26 | B62: 46008 | C62: PLZ | D62: Růžička | E62: 0 | F62: 26 | G62: 25 | H62: 1 | I62: =IF(H62<>"",(F62-H62)/F62,"") -> 0.96153846 | J62: =(F62*(1-$R$1)-H62) -> 1.4116342
A63: 25/26 | B63: 46010 | C63: PLZ | D63: Růžička | E63: 0 | F63: 32 | G63: 28 | H63: 2 | I63: =IF(H63<>"",(F63-H63)/F63,"") -> 0.9375 | J63: =(F63*(1-$R$1)-H63) -> 0.96816516
A64: 25/26 | B64: 46028 | C64: PLZ | D64: Růžička | E64: 0 | F64: 24 | G64: 20 | H64: 4 | I64: =IF(H64<>"",(F64-H64)/F64,"") -> 0.83333333 | J64: =(F64*(1-$R$1)-H64) -> -1.7738761
A65: 25/26 | B65: 46038 | C65: PLZ | D65: Růžička | E65: 0 | F65: 22 | G65: 17 | H65: 5 | I65: =IF(H65<>"",(F65-H65)/F65,"") -> 0.77272727 | J65: =(F65*(1-$R$1)-H65) -> -2.9593865
A66: 25/26 | B66: 46051 | C66: PLZ | D66: Růžička | E66: 0 | F66: 26 | G66: 22 | H66: 4 | I66: =IF(H66<>"",(F66-H66)/F66,"") -> 0.84615385 | J66: =(F66*(1-$R$1)-H66) -> -1.5883658
A67: {=_xlfn.TAKE(_xlfn._xlws.SORT((_xlfn._xlws.FILTER(RAW_GOALIES_GAMES!A:H,(RAW_GOALIES_GAMES!D:D=CALC_GOALIES!B15),(RAW_GOALIES_GAMES!B:B<TODAY()))),1,-1),-5)} -> 25/26 | B67: 46052 | C67: KVA | D67: Frodl | E67: 0 | F67: 44 | G67: 42 | H67: 2 | I67: =IF(H67<>"",(F67-H67)/F67,"") -> 0.95454545 | J67: =(F67*(1-$R$1)-H67) -> 2.0812271
A68: 25/26 | B68: 46078 | C68: KVA | D68: Frodl | E68: 0 | F68: 32 | G68: 30 | H68: 2 | I68: =IF(H68<>"",(F68-H68)/F68,"") -> 0.9375 | J68: =(F68*(1-$R$1)-H68) -> 0.96816516
A69: 25/26 | B69: 46080 | C69: KVA | D69: Frodl | E69: 0 | F69: 24 | G69: 20 | H69: 4 | I69: =IF(H69<>"",(F69-H69)/F69,"") -> 0.83333333 | J69: =(F69*(1-$R$1)-H69) -> -1.7738761
A70: 25/26 | B70: 46085 | C70: KVA | D70: Frodl | E70: 0 | F70: 33 | G70: 31 | H70: 2 | I70: =IF(H70<>"",(F70-H70)/F70,"") -> 0.93939394 | J70: =(F70*(1-$R$1)-H70) -> 1.0609203
A71: 25/26 | B71: 46087 | C71: KVA | D71: Frodl | E71: 0 | F71: 33 | G71: 32 | H71: 1 | I71: =IF(H71<>"",(F71-H71)/F71,"") -> 0.96969697 | J71: =(F71*(1-$R$1)-H71) -> 2.0609203
A72: {=_xlfn.TAKE(_xlfn._xlws.SORT((_xlfn._xlws.FILTER(RAW_GOALIES_GAMES!A:H,(RAW_GOALIES_GAMES!D:D=CALC_GOALIES!B16),(RAW_GOALIES_GAMES!B:B<TODAY()))),1,-1),-5)} -> 25/26 | B72: 46042 | C72: SPA | D72: Kovář | E72: 0 | F72: 34 | G72: 33 | H72: 2 | I72: =IF(H72<>"",(F72-H72)/F72,"") -> 0.94117647 | J72: =(F72*(1-$R$1)-H72) -> 1.1536755
A73: 25/26 | B73: 46048 | C73: SPA | D73: Kovář | E73: 0 | F73: 29 | G73: 26 | H73: 3 | I73: =IF(H73<>"",(F73-H73)/F73,"") -> 0.89655172 | J73: =(F73*(1-$R$1)-H73) -> -0.31010033
A74: 25/26 | B74: 46051 | C74: SPA | D74: Kovář | E74: 0 | F74: 29 | G74: 28 | H74: 1 | I74: =IF(H74<>"",(F74-H74)/F74,"") -> 0.96551724 | J74: =(F74*(1-$R$1)-H74) -> 1.6898997
A75: 25/26 | B75: 46055 | C75: SPA | D75: Kovář | E75: 0 | F75: 33 | G75: 29 | H75: 4 | I75: =IF(H75<>"",(F75-H75)/F75,"") -> 0.87878788 | J75: =(F75*(1-$R$1)-H75) -> -0.93907968
A76: 25/26 | B76: 46087 | C76: SPA | D76: Kovář | E76: 0 | F76: 26 | G76: 26 | H76: 2 | I76: =IF(H76<>"",(F76-H76)/F76,"") -> 0.92307692 | J76: =(F76*(1-$R$1)-H76) -> 0.41163419
A77: {=_xlfn.TAKE(_xlfn._xlws.SORT((_xlfn._xlws.FILTER(RAW_GOALIES_GAMES!A:H,(RAW_GOALIES_GAMES!D:D=CALC_GOALIES!B17),(RAW_GOALIES_GAMES!B:B<TODAY()))),1,-1),-5)} -> 25/26 | B77: 45916 | C77: LIB | D77: Hamalčík | E77: 0 | F77: 16 | G77: 12 | H77: 4 | I77: =IF(H77<>"",(F77-H77)/F77,"") -> 0.75 | J77: =(F77*(1-$R$1)-H77) -> -2.5159174
A78: 25/26 | B78: 45923 | C78: LIB | D78: Hamalčík | E78: 0 | F78: 23 | G78: 19 | H78: 4 | I78: =IF(H78<>"",(F78-H78)/F78,"") -> 0.82608696 | J78: =(F78*(1-$R$1)-H78) -> -1.8666313
A79: 25/26 | B79: 45933 | C79: LIB | D79: Hamalčík | E79: 0 | F79: 30 | G79: 30 | H79: 0 | I79: =IF(H79<>"",(F79-H79)/F79,"") -> 1 | J79: =(F79*(1-$R$1)-H79) -> 2.7826548
I80: =IF(H80<>"",(F80-H80)/F80,"") | J80: =(F80*(1-$R$1)-H80) -> 0
I81: =IF(H81<>"",(F81-H81)/F81,"") | J81: =(F81*(1-$R$1)-H81) -> 0
A82: {=_xlfn.TAKE(_xlfn._xlws.SORT((_xlfn._xlws.FILTER(RAW_GOALIES_GAMES!A:H,(RAW_GOALIES_GAMES!D:D=CALC_GOALIES!B18),(RAW_GOALIES_GAMES!B:B<TODAY()))),1,-1),-5)} -> 25/26 | B82: 46017 | C82: CEB | D82: Strmeň | E82: 0 | F82: 27 | G82: 33 | H82: 2 | I82: =IF(H82<>"",(F82-H82)/F82,"") -> 0.92592593 | J82: =(F82*(1-$R$1)-H82) -> 0.50438935
A83: 25/26 | B83: 46019 | C83: CEB | D83: Strmeň | E83: 0 | F83: 29 | G83: 25 | H83: 4 | I83: =IF(H83<>"",(F83-H83)/F83,"") -> 0.86206897 | J83: =(F83*(1-$R$1)-H83) -> -1.3101003
A84: 25/26 | B84: 46021 | C84: CEB | D84: Strmeň | E84: 0 | F84: 21 | G84: 19 | H84: 3 | I84: =IF(H84<>"",(F84-H84)/F84,"") -> 0.85714286 | J84: =(F84*(1-$R$1)-H84) -> -1.0521416
A85: 25/26 | B85: 46024 | C85: CEB | D85: Strmeň | E85: 0 | F85: 29 | G85: 25 | H85: 4 | I85: =IF(H85<>"",(F85-H85)/F85,"") -> 0.86206897 | J85: =(F85*(1-$R$1)-H85) -> -1.3101003
A86: 25/26 | B86: 46049 | C86: CEB | D86: Strmeň | E86: 0 | F86: 33 | G86: 27 | H86: 6 | I86: =IF(H86<>"",(F86-H86)/F86,"") -> 0.81818182 | J86: =(F86*(1-$R$1)-H86) -> -2.9390797
A87: {=_xlfn.TAKE(_xlfn._xlws.SORT((_xlfn._xlws.FILTER(RAW_GOALIES_GAMES!A:H,(RAW_GOALIES_GAMES!D:D=CALC_GOALIES!B19),(RAW_GOALIES_GAMES!B:B<TODAY()))),1,-1),-5)} -> 25/26 | B87: 45996 | C87: MHK | D87: Soukup | E87: 0 | F87: 33 | G87: 31 | H87: 2 | I87: =IF(H87<>"",(F87-H87)/F87,"") -> 0.93939394 | J87: =(F87*(1-$R$1)-H87) -> 1.0609203
A88: 25/26 | B88: 45998 | C88: MHK | D88: Soukup | E88: 0 | F88: 29 | G88: 25 | H88: 4 | I88: =IF(H88<>"",(F88-H88)/F88,"") -> 0.86206897 | J88: =(F88*(1-$R$1)-H88) -> -1.3101003
I89: =IF(H89<>"",(F89-H89)/F89,"") | J89: =(F89*(1-$R$1)-H89) -> 0
I90: =IF(H90<>"",(F90-H90)/F90,"") | J90: =(F90*(1-$R$1)-H90) -> 0
I91: =IF(H91<>"",(F91-H91)/F91,"") | J91: =(F91*(1-$R$1)-H91) -> 0
A92: {=_xlfn.TAKE(_xlfn._xlws.SORT((_xlfn._xlws.FILTER(RAW_GOALIES_GAMES!A:H,(RAW_GOALIES_GAMES!D:D=CALC_GOALIES!B20),(RAW_GOALIES_GAMES!B:B<TODAY()))),1,-1),-5)} -> 25/26 | B92: 46049 | C92: KOM | D92: Stezka | E92: 0 | F92: 26 | G92: 22 | H92: 4 | I92: =IF(H92<>"",(F92-H92)/F92,"") -> 0.84615385 | J92: =(F92*(1-$R$1)-H92) -> -1.5883658
A93: 25/26 | B93: 46052 | C93: KOM | D93: Stezka | E93: 0 | F93: 25 | G93: 35 | H93: 3 | I93: =IF(H93<>"",(F93-H93)/F93,"") -> 0.88 | J93: =(F93*(1-$R$1)-H93) -> -0.68112097
A94: 25/26 | B94: 46080 | C94: KOM | D94: Stezka | E94: 0 | F94: 43 | G94: 42 | H94: 1 | I94: =IF(H94<>"",(F94-H94)/F94,"") -> 0.97674419 | J94: =(F94*(1-$R$1)-H94) -> 2.9884719
A95: 25/26 | B95: 46082 | C95: KOM | D95: Stezka | E95: 0 | F95: 32 | G95: 28 | H95: 4 | I95: =IF(H95<>"",(F95-H95)/F95,"") -> 0.875 | J95: =(F95*(1-$R$1)-H95) -> -1.0318348
A96: 25/26 | B96: 46087 | C96: KOM | D96: Stezka | E96: 0 | F96: 28 | G96: 23 | H96: 4 | I96: =IF(H96<>"",(F96-H96)/F96,"") -> 0.85714286 | J96: =(F96*(1-$R$1)-H96) -> -1.4028555
A97: {=_xlfn.TAKE(_xlfn._xlws.SORT((_xlfn._xlws.FILTER(RAW_GOALIES_GAMES!A:H,(RAW_GOALIES_GAMES!D:D=CALC_GOALIES!B21),(RAW_GOALIES_GAMES!B:B<TODAY()))),1,-1),-5)} -> 25/26 | B97: 46038 | C97: LIT | D97: Tomek | E97: 0 | F97: 29 | G97: 25 | H97: 4 | I97: =IF(H97<>"",(F97-H97)/F97,"") -> 0.86206897 | J97: =(F97*(1-$R$1)-H97) -> -1.3101003
A98: 25/26 | B98: 46040 | C98: LIT | D98: Tomek | E98: 0 | F98: 28 | G98: 24 | H98: 4 | I98: =IF(H98<>"",(F98-H98)/F98,"") -> 0.85714286 | J98: =(F98*(1-$R$1)-H98) -> -1.4028555
A99: 25/26 | B99: 46049 | C99: LIT | D99: Tomek | E99: 0 | F99: 33 | G99: 32 | H99: 1 | I99: =IF(H99<>"",(F99-H99)/F99,"") -> 0.96969697 | J99: =(F99*(1-$R$1)-H99) -> 2.0609203
A100: 25/26 | B100: 46082 | C100: LIT | D100: Tomek | E100: 0 | F100: 43 | G100: 40 | H100: 3 | I100: =IF(H100<>"",(F100-H100)/F100,"") -> 0.93023256 | J100: =(F100*(1-$R$1)-H100) -> 0.98847193
...

Sheet RAW_GAMES
A1: Season | B1: Date | C1: League | D1: Kolo/Zapas | E1: Team | F1: Opponent | G1: Home | H1: Goals_For | I1: Goals_Against | J1: Shots_For | K1: Shots_Against | L1: xG_For | M1: xG_Against | N1: PP_G | O1: PP_O | P1: PK_GA | Q1: PK_O | R1: Goalie_Primary | S1: Goalie_SV_Total | T1: OT_SO | U1: Result | V1: Game_Type
A2: 25/26 | B2: 45909 | C2: ELH | D2: 1 | E2: SPA | F2: CEB | G2: 0 | H2: 3 | I2: 2 | J2: 26 | K2: 28 | L2: 2.3 | M2: 1.69 | N2: 0 | O2: 2 | P2: 0 | Q2: 3 | R2: Kořenář | S2: 26 | T2: 0 | U2: W | V2: RS
A3: 25/26 | B3: 45909 | C3: ELH | D3: 1 | E3: CEB | F3: SPA | G3: 1 | H3: 2 | I3: 3 | J3: 28 | K3: 26 | L3: 1.69 | M3: 2.3 | N3: 0 | O3: 3 | P3: 0 | Q3: 2 | R3: Strmeň | S3: 23 | T3: 0 | U3: L | V3: RS
A4: 25/26 | B4: 45910 | C4: ELH | D4: 1 | E4: PCE | F4: MHK | G4: 1 | H4: 7 | I4: 1 | J4: 29 | K4: 33 | N4: 3 | O4: 6 | P4: 0 | Q4: 8 | R4: Will | S4: 32 | T4: 0 | U4: W | V4: RS
A5: 25/26 | B5: 45910 | C5: ELH | D5: 1 | E5: TRI | F5: OLO | G5: 1 | H5: 8 | I5: 2 | J5: 38 | K5: 30 | L5: 2.74 | M5: 3.24 | N5: 3 | O5: 4 | P5: 0 | Q5: 3 | R5: Kacetl | S5: 28 | T5: 0 | U5: W | V5: RS
A6: 25/26 | B6: 45910 | C6: ELH | D6: 1 | E6: KOM | F6: LIT | G6: 1 | H6: 4 | I6: 2 | J6: 28 | K6: 14 | N6: 0 | O6: 7 | P6: 1 | Q6: 5 | R6: Stezka | S6: 12 | T6: 0 | U6: L | V6: RS
A7: 25/26 | B7: 45910 | C7: ELH | D7: 1 | E7: KLA | F7: MBL | G7: 1 | H7: 1 | I7: 2 | J7: 28 | K7: 15 | N7: 0 | O7: 5 | P7: 1 | Q7: 5 | R7: Brízgala | S7: 13 | T7: 0 | U7: L | V7: RS
A8: 25/26 | B8: 45910 | C8: ELH | D8: 1 | E8: KVA | F8: VIT | G8: 1 | H8: 4 | I8: 7 | J8: 31 | K8: 24 | N8: 1 | O8: 6 | P8: 1 | Q8: 6 | R8: Král | S8: 17 | T8: 0 | U8: L | V8: RS
A9: 25/26 | B9: 45910 | C9: ELH | D9: 1 | E9: LIB | F9: PLZ | G9: 1 | H9: 1 | I9: 3 | J9: 24 | K9: 25 | N9: 0 | O9: 5 | P9: 0 | Q9: 6 | R9: Kváča | S9: 22 | T9: 0 | U9: L | V9: RS
A10: 25/26 | B10: 45910 | C10: ELH | D10: 1 | E10: LIT | F10: KOM | G10: 0 | H10: 2 | I10: 4 | J10: 14 | K10: 28 | N10: 1 | O10: 5 | P10: 0 | Q10: 7 | R10: Tomek | S10: 24 | T10: 0 | U10: L | V10: RS
A11: 25/26 | B11: 45910 | C11: ELH | D11: 1 | E11: MBL | F11: KLA | G11: 0 | H11: 2 | I11: 1 | J11: 15 | K11: 28 | N11: 1 | O11: 5 | P11: 0 | Q11: 5 | R11: Furch | S11: 27 | T11: 0 | U11: W | V11: RS
A12: 25/26 | B12: 45910 | C12: ELH | D12: 1 | E12: MHK | F12: PCE | G12: 0 | H12: 1 | I12: 7 | J12: 33 | K12: 29 | N12: 0 | O12: 6 | P12: 3 | Q12: 8 | R12: Novotný | S12: 26 | T12: 0 | U12: L | V12: RS
A13: 25/26 | B13: 45910 | C13: ELH | D13: 1 | E13: OLO | F13: TRI | G13: 0 | H13: 2 | I13: 8 | J13: 30 | K13: 38 | L13: 3.24 | M13: 2.74 | N13: 0 | O13: 3 | P13: 3 | Q13: 4 | R13: Machovský | S13: 30 | T13: 0 | U13: L | V13: RS
A14: 25/26 | B14: 45910 | C14: ELH | D14: 1 | E14: PLZ | F14: LIB | G14: 0 | H14: 3 | I14: 1 | J14: 25 | K14: 24 | N14: 0 | O14: 6 | P14: 0 | Q14: 5 | R14: Malík | S14: 23 | T14: 0 | U14: W | V14: RS
A15: 25/26 | B15: 45910 | C15: ELH | D15: 1 | E15: VIT | F15: KVA | G15: 0 | H15: 7 | I15: 4 | J15: 24 | K15: 31 | N15: 1 | O15: 6 | P15: 1 | Q15: 6 | R15: Hrachovina | S15: 27 | T15: 0 | U15: W | V15: RS
A16: 25/26 | B16: 45912 | C16: ELH | D16: 2 | E16: PCE | F16: LIB | G16: 0 | H16: 2 | I16: 4 | J16: 29 | K16: 36 | L16: 2.71 | M16: 3 | N16: 0 | O16: 6 | P16: 1 | Q16: 8 | R16: Will | S16: 32 | T16: 0 | U16: L | V16: RS
A17: 25/26 | B17: 45912 | C17: ELH | D17: 2 | E17: TRI | F17: SPA | G17: 0 | H17: 2 | I17: 5 | J17: 21 | K17: 39 | L17: 2.44 | M17: 3.79 | N17: 0 | O17: 6 | P17: 1 | Q17: 6 | R17: Kacetl | S17: 34 | T17: 0 | U17: L | V17: RS
A18: 25/26 | B18: 45912 | C18: ELH | D18: 2 | E18: SPA | F18: TRI | G18: 1 | H18: 5 | I18: 2 | J18: 39 | K18: 21 | L18: 3.79 | M18: 2.44 | N18: 0 | O18: 6 | P18: 1 | Q18: 6 | R18: Kovář | S18: 19 | T18: 0 | U18: W | V18: RS
A19: 25/26 | B19: 45912 | C19: ELH | D19: 2 | E19: KOM | F19: MBL | G19: 0 | H19: 3 | I19: 1 | J19: 29 | K19: 30 | L19: 2.44 | M19: 2.42 | N19: 2 | O19: 3 | P19: 1 | Q19: 4 | R19: Stezka | S19: 29 | T19: 0 | U19: W | V19: RS
A20: 25/26 | B20: 45912 | C20: ELH | D20: 2 | E20: CEB | F20: MHK | G20: 0 | H20: 4 | I20: 3 | J20: 21 | K20: 18 | N20: 1 | O20: 4 | P20: 0 | Q20: 4 | R20: Strmeň | S20: 15 | T20: 0 | U20: W | V20: RS
A21: 25/26 | B21: 45912 | C21: ELH | D21: 2 | E21: KLA | F21: VIT | G21: 0 | H21: 0 | I21: 1 | J21: 41 | K21: 24 | N21: 0 | O21: 3 | P21: 0 | Q21: 5 | R21: Brízgala | S21: 24 | T21: 1 | U21: L | V21: RS
A22: 25/26 | B22: 45912 | C22: ELH | D22: 2 | E22: KVA | F22: LIT | G22: 0 | H22: 4 | I22: 0 | J22: 26 | K22: 24 | N22: 1 | O22: 6 | P22: 0 | Q22: 6 | R22: Frodl | S22: 24 | T22: 0 | U22: W | V22: RS
A23: 25/26 | B23: 45912 | C23: ELH | D23: 2 | E23: LIB | F23: PCE | G23: 1 | H23: 4 | I23: 2 | J23: 36 | K23: 29 | L23: 3 | M23: 2.71 | N23: 1 | O23: 8 | P23: 0 | Q23: 6 | R23: Kváča | S23: 27 | T23: 0 | U23: W | V23: RS
A24: 25/26 | B24: 45912 | C24: ELH | D24: 2 | E24: LIT | F24: KVA | G24: 1 | H24: 0 | I24: 4 | J24: 24 | K24: 26 | N24: 0 | O24: 6 | P24: 1 | Q24: 6 | R24: Tomek | S24: 22 | T24: 0 | U24: L | V24: RS
A25: 25/26 | B25: 45912 | C25: ELH | D25: 2 | E25: MBL | F25: KOM | G25: 1 | H25: 1 | I25: 3 | J25: 30 | K25: 29 | L25: 2.42 | M25: 2.44 | N25: 1 | O25: 4 | P25: 2 | Q25: 3 | R25: Furch | S25: 26 | T25: 0 | U25: L | V25: RS
A26: 25/26 | B26: 45912 | C26: ELH | D26: 2 | E26: MHK | F26: CEB | G26: 1 | H26: 3 | I26: 4 | J26: 18 | K26: 21 | N26: 0 | O26: 4 | P26: 1 | Q26: 4 | R26: Novotný | S26: 17 | T26: 0 | U26: L | V26: RS
A27: 25/26 | B27: 45912 | C27: ELH | D27: 2 | E27: OLO | F27: PLZ | G27: 1 | H27: 1 | I27: 4 | J27: 26 | K27: 29 | N27: 1 | O27: 2 | P27: 1 | Q27: 2 | R27: Machovský | S27: 25 | T27: 0 | U27: L | V27: RS
A28: 25/26 | B28: 45912 | C28: ELH | D28: 2 | E28: PLZ | F28: OLO | G28: 0 | H28: 4 | I28: 1 | J28: 29 | K28: 26 | N28: 1 | O28: 2 | P28: 1 | Q28: 2 | R28: Malík | S28: 25 | T28: 0 | U28: W | V28: RS
A29: 25/26 | B29: 45912 | C29: ELH | D29: 2 | E29: VIT | F29: KLA | G29: 1 | H29: 1 | I29: 0 | J29: 24 | K29: 41 | N29: 0 | O29: 5 | P29: 0 | Q29: 3 | R29: Hrachovina | S29: 41 | T29: 1 | U29: W | V29: RS
A30: 25/26 | B30: 45914 | C30: ELH | D30: 3 | E30: PCE | F30: MBL | G30: 1 | H30: 4 | I30: 1 | J30: 43 | K30: 14 | L30: 4.11 | M30: 1.3 | N30: 2 | O30: 6 | P30: 0 | Q30: 4 | R30: Will | S30: 13 | T30: 0 | U30: W | V30: RS
A31: 25/26 | B31: 45914 | C31: ELH | D31: 3 | E31: TRI | F31: LIB | G31: 1 | H31: 4 | I31: 2 | J31: 23 | K31: 26 | L31: 3.46 | M31: 1.83 | N31: 0 | O31: 5 | P31: 1 | Q31: 3 | R31: Mazanec | S31: 24 | T31: 0 | U31: W | V31: RS
A32: 25/26 | B32: 45914 | C32: ELH | D32: 3 | E32: SPA | F32: KOM | G32: 0 | H32: 0 | I32: 2 | J32: 27 | K32: 21 | L32: 3.37 | M32: 2.36 | N32: 0 | O32: 9 | P32: 1 | Q32: 8 | R32: Kořenář | S32: 19 | T32: 0 | U32: L | V32: RS
A33: 25/26 | B33: 45914 | C33: ELH | D33: 3 | E33: KOM | F33: SPA | G33: 1 | H33: 2 | I33: 0 | J33: 21 | K33: 27 | L33: 2.36 | M33: 3.37 | N33: 1 | O33: 8 | P33: 0 | Q33: 9 | R33: Stezka | S33: 27 | T33: 0 | U33: W | V33: RS
A34: 25/26 | B34: 45914 | C34: ELH | D34: 3 | E34: CEB | F34: PLZ | G34: 0 | H34: 4 | I34: 1 | J34: 28 | K34: 24 | N34: 2 | O34: 7 | P34: 0 | Q34: 10 | R34: Klouček | S34: 23 | T34: 0 | U34: W | V34: RS
A35: 25/26 | B35: 45914 | C35: ELH | D35: 3 | E35: KLA | F35: MHK | G35: 1 | H35: 4 | I35: 2 | J35: 31 | K35: 34 | N35: 2 | O35: 5 | P35: 1 | Q35: 5 | R35: Brízgala | S35: 32 | T35: 0 | U35: W | V35: RS
A36: 25/26 | B36: 45914 | C36: ELH | D36: 3 | E36: KVA | F36: OLO | G36: 1 | H36: 2 | I36: 4 | J36: 23 | K36: 41 | N36: 0 | O36: 3 | P36: 0 | Q36: 5 | R36: Frodl | S36: 37 | T36: 0 | U36: L | V36: RS
A37: 25/26 | B37: 45914 | C37: ELH | D37: 3 | E37: LIB | F37: TRI | G37: 0 | H37: 2 | I37: 4 | J37: 26 | K37: 23 | L37: 1.83 | M37: 3.46 | N37: 1 | O37: 3 | P37: 0 | Q37: 5 | R37: Kváča | S37: 19 | T37: 0 | U37: L | V37: RS
A38: 25/26 | B38: 45914 | C38: ELH | D38: 3 | E38: LIT | F38: VIT | G38: 1 | H38: 0 | I38: 3 | J38: 32 | K38: 22 | N38: 0 | O38: 2 | P38: 1 | Q38: 4 | R38: Čajan | S38: 19 | T38: 0 | U38: L | V38: RS
A39: 25/26 | B39: 45914 | C39: ELH | D39: 3 | E39: MBL | F39: PCE | G39: 0 | H39: 1 | I39: 4 | J39: 14 | K39: 43 | L39: 1.3 | M39: 4.11 | N39: 0 | O39: 4 | P39: 2 | Q39: 6 | R39: Westerholm | S39: 39 | T39: 0 | U39: L | V39: RS
A40: 25/26 | B40: 45914 | C40: ELH | D40: 3 | E40: MHK | F40: KLA | G40: 0 | H40: 2 | I40: 4 | J40: 34 | K40: 31 | N40: 1 | O40: 5 | P40: 2 | Q40: 5 | R40: Škorvánek | S40: 27 | T40: 0 | U40: L | V40: RS
A41: 25/26 | B41: 45914 | C41: ELH | D41: 3 | E41: OLO | F41: KVA | G41: 0 | H41: 4 | I41: 2 | J41: 41 | K41: 23 | N41: 0 | O41: 5 | P41: 0 | Q41: 3 | R41: Machovský | S41: 21 | T41: 0 | U41: W | V41: RS
A42: 25/26 | B42: 45914 | C42: ELH | D42: 3 | E42: PLZ | F42: CEB | G42: 1 | H42: 1 | I42: 4 | J42: 24 | K42: 28 | N42: 0 | O42: 10 | P42: 2 | Q42: 7 | R42: Malík | S42: 24 | T42: 0 | U42: L | V42: RS
A43: 25/26 | B43: 45914 | C43: ELH | D43: 3 | E43: VIT | F43: LIT | G43: 0 | H43: 3 | I43: 0 | J43: 22 | K43: 32 | N43: 1 | O43: 4 | P43: 0 | Q43: 2 | R43: Klimeš | S43: 32 | T43: 0 | U43: W | V43: RS
A44: 25/26 | B44: 45916 | C44: ELH | D44: 4 | E44: PCE | F44: CEB | G44: 0 | H44: 1 | I44: 4 | J44: 31 | K44: 33 | L44: 2.78 | M44: 3.94 | N44: 1 | O44: 6 | P44: 1 | Q44: 6 | R44: Vomáčka | S44: 29 | T44: 0 | U44: L | V44: RS
A45: 25/26 | B45: 45916 | C45: ELH | D45: 4 | E45: TRI | F45: MBL | G45: 0 | H45: 1 | I45: 2 | J45: 22 | K45: 22 | L45: 2.19 | M45: 3.1 | N45: 0 | O45: 1 | P45: 0 | Q45: 2 | R45: Mazanec | S45: 20 | T45: 0 | U45: L | V45: RS
A46: 25/26 | B46: 45916 | C46: ELH | D46: 4 | E46: SPA | F46: KVA | G46: 1 | H46: 1 | I46: 2 | J46: 38 | K46: 32 | L46: 3.22 | M46: 2.53 | N46: 1 | O46: 3 | P46: 0 | Q46: 3 | R46: Kovář | S46: 30 | T46: 0 | U46: L | V46: RS
A47: 25/26 | B47: 45916 | C47: ELH | D47: 4 | E47: KVA | F47: SPA | G47: 0 | H47: 2 | I47: 1 | J47: 32 | K47: 38 | L47: 2.53 | M47: 3.22 | N47: 0 | O47: 3 | P47: 1 | Q47: 3 | R47: Frodl | S47: 37 | T47: 0 | U47: W | V47: RS
A48: 25/26 | B48: 45916 | C48: ELH | D48: 4 | E48: KOM | F48: VIT | G48: 1 | H48: 5 | I48: 2 | J48: 17 | K48: 21 | L48: 2.74 | M48: 1.3 | N48: 2 | O48: 3 | P48: 1 | Q48: 2 | R48: Stezka | S48: 19 | T48: 0 | U48: W | V48: RS
A49: 25/26 | B49: 45916 | C49: ELH | D49: 4 | E49: CEB | F49: PCE | G49: 1 | H49: 4 | I49: 1 | J49: 33 | K49: 31 | L49: 3.94 | M49: 2.78 | N49: 1 | O49: 6 | P49: 1 | Q49: 6 | R49: Klouček | S49: 30 | T49: 0 | U49: W | V49: RS
A50: 25/26 | B50: 45916 | C50: ELH | D50: 4 | E50: LIB | F50: LIT | G50: 1 | H50: 2 | I50: 4 | J50: 60 | K50: 16 | N50: 0 | O50: 8 | P50: 1 | Q50: 3 | R50: Hamalčík | S50: 12 | T50: 0 | U50: L | V50: RS
A51: 25/26 | B51: 45916 | C51: ELH | D51: 4 | E51: LIT | F51: LIB | G51: 0 | H51: 4 | I51: 2 | J51: 16 | K51: 60 | N51: 1 | O51: 3 | P51: 0 | Q51: 8 | R51: Čajan | S51: 58 | T51: 0 | U51: W | V51: RS
A52: 25/26 | B52: 45916 | C52: ELH | D52: 4 | E52: MBL | F52: TRI | G52: 1 | H52: 2 | I52: 1 | J52: 22 | K52: 22 | L52: 3.1 | M52: 2.19 | N52: 0 | O52: 2 | P52: 0 | Q52: 1 | R52: Furch | S52: 21 | T52: 0 | U52: W | V52: RS
A53: 25/26 | B53: 45916 | C53: ELH | D53: 4 | E53: MHK | F53: PLZ | G53: 1 | H53: 4 | I53: 3 | J53: 32 | K53: 29 | N53: 0 | O53: 8 | P53: 1 | Q53: 3 | R53: Škorvánek | S53: 26 | T53: 1 | U53: W | V53: RS
A54: 25/26 | B54: 45916 | C54: ELH | D54: 4 | E54: PLZ | F54: MHK | G54: 0 | H54: 3 | I54: 4 | J54: 29 | K54: 32 | N54: 1 | O54: 3 | P54: 0 | Q54: 8 | R54: Malík | S54: 28 | T54: 1 | U54: L | V54: RS
A55: 25/26 | B55: 45916 | C55: ELH | D55: 4 | E55: VIT | F55: KOM | G55: 0 | H55: 2 | I55: 5 | J55: 21 | K55: 17 | L55: 1.3 | M55: 2.74 | N55: 1 | O55: 2 | P55: 2 | Q55: 3 | R55: Hrachovina | S55: 12 | T55: 0 | U55: L | V55: RS
A56: 25/26 | B56: 45917 | C56: ELH | D56: 4 | E56: OLO | F56: KLA | G56: 1 | H56: 4 | I56: 1 | J56: 34 | K56: 31 | N56: 0 | O56: 6 | P56: 0 | Q56: 4 | R56: Machovský | S56: 30 | T56: 0 | U56: W | V56: RS
A57: 25/26 | B57: 45917 | C57: ELH | D57: 4 | E57: KLA | F57: OLO | G57: 0 | H57: 1 | I57: 4 | J57: 31 | K57: 34 | N57: 0 | O57: 4 | P57: 0 | Q57: 6 | R57: Brízgala | S57: 30 | T57: 0 | U57: L | V57: RS
A58: 25/26 | B58: 45919 | C58: ELH | D58: 5 | E58: PCE | F58: OLO | G58: 1 | H58: 3 | I58: 1 | J58: 41 | K58: 20 | L58: 4.2 | M58: 1.56 | N58: 1 | O58: 3 | P58: 0 | Q58: 3 | R58: Will | S58: 19 | T58: 0 | U58: W | V58: RS
A59: 25/26 | B59: 45919 | C59: ELH | D59: 5 | E59: TRI | F59: PLZ | G59: 1 | H59: 2 | I59: 1 | J59: 31 | K59: 31 | L59: 2.07 | M59: 3.09 | N59: 0 | O59: 1 | P59: 1 | Q59: 2 | R59: Kacetl | S59: 30 | T59: 1 | U59: W | V59: RS
A60: 25/26 | B60: 45919 | C60: ELH | D60: 5 | E60: SPA | F60: LIT | G60: 0 | H60: 5 | I60: 1 | J60: 34 | K60: 20 | L60: 4.3 | M60: 2.05 | N60: 1 | O60: 2 | P60: 1 | Q60: 2 | R60: Kořenář | S60: 19 | T60: 0 | U60: W | V60: RS
A61: 25/26 | B61: 45919 | C61: ELH | D61: 5 | E61: KOM | F61: LIB | G61: 1 | H61: 4 | I61: 5 | J61: 21 | K61: 36 | L61: 1.93 | M61: 4.14 | N61: 2 | O61: 6 | P61: 0 | Q61: 3 | R61: Stezka | S61: 31 | T61: 0 | U61: L | V61: RS
A62: 25/26 | B62: 45919 | C62: ELH | D62: 5 | E62: CEB | F62: KLA | G62: 0 | H62: 4 | I62: 1 | J62: 20 | K62: 34 | N62: 1 | O62: 8 | P62: 1 | Q62: 8 | R62: Klouček | S62: 33 | T62: 0 | U62: W | V62: RS
A63: 25/26 | B63: 45919 | C63: ELH | D63: 5 | E63: KLA | F63: CEB | G63: 1 | H63: 1 | I63: 4 | J63: 34 | K63: 20 | N63: 1 | O63: 8 | P63: 1 | Q63: 8 | R63: Lukeš | S63: 16 | T63: 0 | U63: L | V63: RS
A64: 25/26 | B64: 45919 | C64: ELH | D64: 5 | E64: KVA | F64: MHK | G64: 1 | H64: 3 | I64: 1 | J64: 25 | K64: 42 | N64: 0 | O64: 6 | P64: 0 | Q64: 4 | R64: Frodl | S64: 41 | T64: 0 | U64: W | V64: RS
A65: 25/26 | B65: 45919 | C65: ELH | D65: 5 | E65: LIB | F65: KOM | G65: 0 | H65: 5 | I65: 4 | J65: 36 | K65: 21 | L65: 4.14 | M65: 1.93 | N65: 0 | O65: 3 | P65: 2 | Q65: 6 | R65: Kváča | S65: 17 | T65: 0 | U65: W | V65: RS
A66: 25/26 | B66: 45919 | C66: ELH | D66: 5 | E66: LIT | F66: SPA | G66: 1 | H66: 1 | I66: 5 | J66: 20 | K66: 34 | L66: 2.05 | M66: 4.3 | N66: 1 | O66: 2 | P66: 1 | Q66: 2 | R66: Tomek | S66: 29 | T66: 0 | U66: L | V66: RS
A67: 25/26 | B67: 45919 | C67: ELH | D67: 5 | E67: MBL | F67: VIT | G67: 0 | H67: 4 | I67: 2 | J67: 23 | K67: 27 | N67: 0 | O67: 1 | P67: 0 | Q67: 2 | R67: Furch | S67: 25 | T67: 0 | U67: W | V67: RS
A68: 25/26 | B68: 45919 | C68: ELH | D68: 5 | E68: MHK | F68: KVA | G68: 0 | H68: 1 | I68: 3 | J68: 25 | K68: 42 | N68: 0 | O68: 4 | P68: 0 | Q68: 6 | R68: Škorvánek | S68: 22 | T68: 0 | U68: L | V68: RS
A69: 25/26 | B69: 45919 | C69: ELH | D69: 5 | E69: OLO | F69: PCE | G69: 0 | H69: 1 | I69: 3 | J69: 30 | K69: 41 | L69: 1.56 | M69: 4.2 | N69: 0 | O69: 3 | P69: 1 | Q69: 3 | R69: Machovský | S69: 38 | T69: 0 | U69: L | V69: RS
A70: 25/26 | B70: 45919 | C70: ELH | D70: 5 | E70: PLZ | F70: TRI | G70: 0 | H70: 1 | I70: 2 | J70: 31 | K70: 31 | L70: 3.09 | M70: 2.07 | N70: 1 | O70: 2 | P70: 0 | Q70: 1 | R70: Růžička | S70: 29 | T70: 1 | U70: L | V70: RS
A71: 25/26 | B71: 45919 | C71: ELH | D71: 5 | E71: VIT | F71: MBL | G71: 1 | H71: 2 | I71: 4 | J71: 27 | K71: 23 | N71: 0 | O71: 2 | P71: 0 | Q71: 1 | R71: Klimeš | S71: 19 | T71: 0 | U71: L | V71: RS
A72: 25/26 | B72: 45921 | C72: ELH | D72: 6 | E72: PCE | F72: PLZ | G72: 0 | H72: 1 | I72: 2 | J72: 27 | K72: 13 | L72: 1.6 | M72: 2.7 | N72: 0 | O72: 5 | P72: 2 | Q72: 5 | R72: Will | S72: 11 | T72: 0 | U72: L | V72: RS
A73: 25/26 | B73: 45921 | C73: ELH | D73: 6 | E73: TRI | F73: CEB | G73: 0 | H73: 3 | I73: 2 | J73: 12 | K73: 43 | L73: 1.19 | M73: 4.2 | N73: 0 | O73: 3 | P73: 0 | Q73: 6 | R73: Mazanec | S73: 41 | T73: 0 | U73: W | V73: RS
A74: 25/26 | B74: 45921 | C74: ELH | D74: 6 | E74: SPA | F74: VIT | G74: 0 | H74: 3 | I74: 2 | J74: 34 | K74: 32 | L74: 3.28 | M74: 2.98 | N74: 1 | O74: 3 | P74: 1 | Q74: 6 | R74: Kořenář | S74: 30 | T74: 1 | U74: W | V74: RS
A75: 25/26 | B75: 45921 | C75: ELH | D75: 6 | E75: KOM | F75: MHK | G75: 0 | H75: 5 | I75: 3 | J75: 30 | K75: 36 | L75: 3.14 | M75: 2.74 | N75: 1 | O75: 5 | P75: 0 | Q75: 5 | R75: Kavan | S75: 33 | T75: 0 | U75: W | V75: RS
A76: 25/26 | B76: 45921 | C76: ELH | D76: 6 | E76: CEB | F76: TRI | G76: 1 | H76: 2 | I76: 3 | J76: 43 | K76: 12 | L76: 4.2 | M76: 1.19 | N76: 0 | O76: 6 | P76: 0 | Q76: 3 | R76: Klouček | S76: 9 | T76: 0 | U76: L | V76: RS
A77: 25/26 | B77: 45921 | C77: ELH | D77: 6 | E77: KLA | F77: LIB | G77: 0 | H77: 1 | I77: 4 | J77: 31 | K77: 31 | N77: 0 | O77: 5 | P77: 1 | Q77: 6 | R77: Brízgala | S77: 27 | T77: 0 | U77: L | V77: RS
A78: 25/26 | B78: 45921 | C78: ELH | D78: 6 | E78: KVA | F78: MBL | G78: 0 | H78: 3 | I78: 2 | J78: 25 | K78: 33 | N78: 1 | O78: 3 | P78: 0 | Q78: 3 | R78: Král | S78: 31 | T78: 0 | U78: W | V78: RS
A79: 25/26 | B79: 45921 | C79: ELH | D79: 6 | E79: LIB | F79: KLA | G79: 1 | H79: 4 | I79: 1 | J79: 31 | K79: 31 | N79: 1 | O79: 6 | P79: 0 | Q79: 5 | R79: Kváča | S79: 27 | T79: 0 | U79: W | V79: RS
A80: 25/26 | B80: 45921 | C80: ELH | D80: 6 | E80: MBL | F80: KVA | G80: 1 | H80: 2 | I80: 3 | J80: 33 | K80: 25 | N80: 0 | O80: 3 | P80: 1 | Q80: 3 | R80: Furch | S80: 22 | T80: 0 | U80: L | V80: RS
A81: 25/26 | B81: 45921 | C81: ELH | D81: 6 | E81: MHK | F81: KOM | G81: 1 | H81: 3 | I81: 5 | J81: 36 | K81: 30 | L81: 2.74 | M81: 3.14 | N81: 0 | O81: 5 | P81: 1 | Q81: 5 | R81: Novotný | S81: 25 | T81: 0 | U81: L | V81: RS
A82: 25/26 | B82: 45921 | C82: ELH | D82: 6 | E82: PLZ | F82: PCE | G82: 1 | H82: 2 | I82: 1 | J82: 13 | K82: 27 | L82: 2.7 | M82: 1.6 | N82: 2 | O82: 5 | P82: 0 | Q82: 5 | R82: Růžička | S82: 26 | T82: 0 | U82: W | V82: RS
A83: 25/26 | B83: 45921 | C83: ELH | D83: 6 | E83: VIT | F83: SPA | G83: 1 | H83: 2 | I83: 3 | J83: 32 | K83: 34 | L83: 2.98 | M83: 3.27 | N83: 1 | O83: 6 | P83: 1 | Q83: 3 | R83: Hrachovina | S83: 32 | T83: 1 | U83: L | V83: RS
A84: 25/26 | B84: 45923 | C84: ELH | D84: 7 | E84: PCE | F84: KLA | G84: 0 | H84: 5 | I84: 4 | J84: 22 | K84: 39 | L84: 1.23 | M84: 3.71 | N84: 1 | O84: 2 | P84: 0 | Q84: 3 | R84: Vomáčka | S84: 35 | T84: 0 | U84: W | V84: RS
A85: 25/26 | B85: 45923 | C85: ELH | D85: 7 | E85: SPA | F85: OLO | G85: 0 | H85: 2 | I85: 4 | J85: 33 | K85: 23 | L85: 3.45 | M85: 3.18 | N85: 1 | O85: 5 | P85: 3 | Q85: 7 | R85: Kovář | S85: 19 | T85: 0 | U85: L | V85: RS
A86: 25/26 | B86: 45923 | C86: ELH | D86: 7 | E86: KOM | F86: PLZ | G86: 1 | H86: 4 | I86: 2 | J86: 29 | K86: 18 | L86: 2.61 | M86: 1.41 | N86: 1 | O86: 8 | P86: 0 | Q86: 3 | R86: Stezka | S86: 16 | T86: 0 | U86: W | V86: RS
A87: 25/26 | B87: 45923 | C87: ELH | D87: 7 | E87: CEB | F87: KVA | G87: 0 | H87: 1 | I87: 3 | J87: 22 | K87: 39 | N87: 1 | O87: 4 | P87: 0 | Q87: 3 | R87: Strmeň | S87: 36 | T87: 0 | U87: L | V87: RS
A88: 25/26 | B88: 45923 | C88: ELH | D88: 7 | E88: KLA | F88: PCE | G88: 1 | H88: 4 | I88: 5 | J88: 39 | K88: 22 | L88: 3.71 | M88: 1.23 | N88: 0 | O88: 3 | P88: 1 | Q88: 2 | R88: Brízgala | S88: 17 | T88: 0 | U88: L | V88: RS
A89: 25/26 | B89: 45923 | C89: ELH | D89: 7 | E89: KVA | F89: CEB | G89: 1 | H89: 3 | I89: 1 | J89: 39 | K89: 22 | N89: 0 | O89: 3 | P89: 1 | Q89: 4 | R89: Frodl | S89: 21 | T89: 0 | U89: W | V89: RS
A90: 25/26 | B90: 45923 | C90: ELH | D90: 7 | E90: LIB | F90: VIT | G90: 0 | H90: 2 | I90: 4 | J90: 30 | K90: 23 | N90: 0 | O90: 4 | P90: 0 | Q90: 3 | R90: Hamalčík | S90: 19 | T90: 0 | U90: L | V90: RS
A91: 25/26 | B91: 45923 | C91: ELH | D91: 7 | E91: LIT | F91: MBL | G91: 1 | H91: 4 | I91: 2 | J91: 29 | K91: 40 | N91: 0 | O91: 4 | P91: 0 | Q91: 4 | R91: Čajan | S91: 38 | T91: 0 | U91: W | V91: RS
A92: 25/26 | B92: 45923 | C92: ELH | D92: 7 | E92: MBL | F92: LIT | G92: 0 | H92: 2 | I92: 4 | J92: 40 | K92: 29 | N92: 0 | O92: 4 | P92: 0 | Q92: 4 | R92: Westerholm | S92: 25 | T92: 0 | U92: L | V92: RS
A93: 25/26 | B93: 45923 | C93: ELH | D93: 7 | E93: OLO | F93: SPA | G93: 1 | H93: 4 | I93: 2 | J93: 23 | K93: 33 | L93: 3.18 | M93: 3.45 | N93: 3 | O93: 7 | P93: 1 | Q93: 5 | R93: Machovský | S93: 31 | T93: 0 | U93: W | V93: RS
A94: 25/26 | B94: 45923 | C94: ELH | D94: 7 | E94: PLZ | F94: KOM | G94: 0 | H94: 2 | I94: 4 | J94: 18 | K94: 29 | L94: 1.41 | M94: 2.61 | N94: 0 | O94: 3 | P94: 1 | Q94: 8 | R94: Růžička | S94: 25 | T94: 0 | U94: L | V94: RS
A95: 25/26 | B95: 45923 | C95: ELH | D95: 7 | E95: VIT | F95: LIB | G95: 1 | H95: 4 | I95: 2 | J95: 23 | K95: 30 | N95: 0 | O95: 3 | P95: 0 | Q95: 4 | R95: Hrachovina | S95: 28 | T95: 0 | U95: W | V95: RS
A96: 25/26 | B96: 45925 | C96: ELH | D96: 8 | E96: PCE | F96: TRI | G96: 1 | H96: 4 | I96: 5 | J96: 27 | K96: 18 | L96: 3.02 | M96: 1.68 | N96: 0 | O96: 3 | P96: 2 | Q96: 3 | R96: Will | S96: 13 | T96: 0 | U96: L | V96: RS
A97: 25/26 | B97: 45925 | C97: ELH | D97: 8 | E97: TRI | F97: PCE | G97: 0 | H97: 5 | I97: 4 | J97: 18 | K97: 27 | L97: 1.68 | M97: 3.02 | N97: 2 | O97: 3 | P97: 0 | Q97: 3 | R97: Kacetl | S97: 23 | T97: 0 | U97: W | V97: RS
A98: 25/26 | B98: 45926 | C98: ELH | D98: 8 | E98: SPA | F98: MBL | G98: 0 | H98: 7 | I98: 2 | J98: 33 | K98: 21 | L98: 2.57 | M98: 2.74 | N98: 0 | O98: 5 | P98: 1 | Q98: 4 | R98: Michajlov | S98: 19 | T98: 0 | U98: W | V98: RS
A99: 25/26 | B99: 45926 | C99: ELH | D99: 8 | E99: KOM | F99: CEB | G99: 0 | H99: 0 | I99: 8 | J99: 21 | K99: 35 | L99: 1.34 | M99: 2.66 | N99: 0 | O99: 3 | P99: 1 | Q99: 6 | R99: Kavan | S99: 27 | T99: 0 | U99: L | V99: RS
A100: 25/26 | B100: 45926 | C100: ELH | D100: 8 | E100: CEB | F100: KOM | G100: 1 | H100: 8 | I100: 0 | J100: 35 | K100: 21 | L100: 2.66 | M100: 1.34 | N100: 1 | O100: 6 | P100: 0 | Q100: 3 | R100: Klouček | S100: 21 | T100: 0 | U100: W | V100: RS
...

Sheet RAW_GOALIES_GAMES
A1: Season | B1: Date | C1: Team | D1: Goalie | E1: Minutes | F1: Shots_Against | G1: Saves | H1: Goals_Against
A2: =RAW_GAMES!A2 -> 25/26 | B2: =RAW_GAMES!B2 -> 45909 | C2: =RAW_GAMES!E2 -> SPA | D2: =RAW_GAMES!R2 -> Kořenář | F2: =RAW_GAMES!K2 -> 28 | G2: =RAW_GAMES!S2 -> 26 | H2: =RAW_GAMES!I2 -> 2
A3: =RAW_GAMES!A3 -> 25/26 | B3: =RAW_GAMES!B3 -> 45909 | C3: =RAW_GAMES!E3 -> CEB | D3: =RAW_GAMES!R3 -> Strmeň | F3: =RAW_GAMES!K3 -> 26 | G3: =RAW_GAMES!S3 -> 23 | H3: =RAW_GAMES!I3 -> 3
A4: =RAW_GAMES!A4 -> 25/26 | B4: =RAW_GAMES!B4 -> 45910 | C4: =RAW_GAMES!E4 -> PCE | D4: =RAW_GAMES!R4 -> Will | F4: =RAW_GAMES!K4 -> 33 | G4: =RAW_GAMES!S4 -> 32 | H4: =RAW_GAMES!I4 -> 1
A5: =RAW_GAMES!A5 -> 25/26 | B5: =RAW_GAMES!B5 -> 45910 | C5: =RAW_GAMES!E5 -> TRI | D5: =RAW_GAMES!R5 -> Kacetl | F5: =RAW_GAMES!K5 -> 30 | G5: =RAW_GAMES!S5 -> 28 | H5: =RAW_GAMES!I5 -> 2
A6: =RAW_GAMES!A6 -> 25/26 | B6: =RAW_GAMES!B6 -> 45910 | C6: =RAW_GAMES!E6 -> KOM | D6: =RAW_GAMES!R6 -> Stezka | F6: =RAW_GAMES!K6 -> 14 | G6: =RAW_GAMES!S6 -> 12 | H6: =RAW_GAMES!I6 -> 2
A7: =RAW_GAMES!A7 -> 25/26 | B7: =RAW_GAMES!B7 -> 45910 | C7: =RAW_GAMES!E7 -> KLA | D7: =RAW_GAMES!R7 -> Brízgala | F7: =RAW_GAMES!K7 -> 15 | G7: =RAW_GAMES!S7 -> 13 | H7: =RAW_GAMES!I7 -> 2
A8: =RAW_GAMES!A8 -> 25/26 | B8: =RAW_GAMES!B8 -> 45910 | C8: =RAW_GAMES!E8 -> KVA | D8: =RAW_GAMES!R8 -> Král | F8: =RAW_GAMES!K8 -> 24 | G8: =RAW_GAMES!S8 -> 17 | H8: =RAW_GAMES!I8 -> 7
A9: =RAW_GAMES!A9 -> 25/26 | B9: =RAW_GAMES!B9 -> 45910 | C9: =RAW_GAMES!E9 -> LIB | D9: =RAW_GAMES!R9 -> Kváča | F9: =RAW_GAMES!K9 -> 25 | G9: =RAW_GAMES!S9 -> 22 | H9: =RAW_GAMES!I9 -> 3
A10: =RAW_GAMES!A10 -> 25/26 | B10: =RAW_GAMES!B10 -> 45910 | C10: =RAW_GAMES!E10 -> LIT | D10: =RAW_GAMES!R10 -> Tomek | F10: =RAW_GAMES!K10 -> 28 | G10: =RAW_GAMES!S10 -> 24 | H10: =RAW_GAMES!I10 -> 4
A11: =RAW_GAMES!A11 -> 25/26 | B11: =RAW_GAMES!B11 -> 45910 | C11: =RAW_GAMES!E11 -> MBL | D11: =RAW_GAMES!R11 -> Furch | F11: =RAW_GAMES!K11 -> 28 | G11: =RAW_GAMES!S11 -> 27 | H11: =RAW_GAMES!I11 -> 1
A12: =RAW_GAMES!A12 -> 25/26 | B12: =RAW_GAMES!B12 -> 45910 | C12: =RAW_GAMES!E12 -> MHK | D12: =RAW_GAMES!R12 -> Novotný | F12: =RAW_GAMES!K12 -> 29 | G12: =RAW_GAMES!S12 -> 26 | H12: =RAW_GAMES!I12 -> 7
A13: =RAW_GAMES!A13 -> 25/26 | B13: =RAW_GAMES!B13 -> 45910 | C13: =RAW_GAMES!E13 -> OLO | D13: =RAW_GAMES!R13 -> Machovský | F13: =RAW_GAMES!K13 -> 38 | G13: =RAW_GAMES!S13 -> 30 | H13: =RAW_GAMES!I13 -> 8
... A401: =RAW_GAMES!A401 -> 25/26 | B401: =RAW_GAMES!B401 -> 45996 | C401: =RAW_GAMES!E401 -> LIB | D401: =RAW_GAMES!R401 -> Kváča | F401: =RAW_GAMES!K401 -> 38 | G401: =RAW_GAMES!S401 -> 35 | H401: =RAW_GAMES!I401 -> 3
A402: =RAW_GAMES!A402 -> 25/26 | B402: =RAW_GAMES!B402 -> 45996 | C402: =RAW_GAMES!E402 -> LIT | D402: =RAW_GAMES!R408 -> Will | F402: =RAW_GAMES!K408 -> 29 | G402: =RAW_GAMES!S408 -> 26 | H402: =RAW_GAMES!I402 -> 5
A403: =RAW_GAMES!A403 -> 25/26 | B403: =RAW_GAMES!B403 -> 45996 | C403: =RAW_GAMES!E403 -> MBL | D403: =RAW_GAMES!R403 -> Furch | F403: =RAW_GAMES!K403 -> 33 | G403: =RAW_GAMES!S403 -> 28 | H403: =RAW_GAMES!I403 -> 5
A404: =RAW_GAMES!A404 -> 25/26 | B404: =RAW_GAMES!B404 -> 45996 | C404: =RAW_GAMES!E404 -> MHK | D404: =RAW_GAMES!R404 -> Soukup | F404: =RAW_GAMES!K404 -> 33 | G404: =RAW_GAMES!S404 -> 31 | H404: =RAW_GAMES!I404 -> 2
A405: =RAW_GAMES!A405 -> 25/26 | B405: =RAW_GAMES!B405 -> 45996 | C405: =RAW_GAMES!E405 -> OLO | D405: =RAW_GAMES!R405 -> Cichoň | F405: =RAW_GAMES!K405 -> 26 | G405: =RAW_GAMES!S405 -> 22 | H405: =RAW_GAMES!I405 -> 4
A406: =RAW_GAMES!A406 -> 25/26 | B406: =RAW_GAMES!B406 -> 45996 | C406: =RAW_GAMES!E406 -> PLZ | D406: =RAW_GAMES!R406 -> Malík | F406: =RAW_GAMES!K406 -> 35 | G406: =RAW_GAMES!S406 -> 20 | H406: =RAW_GAMES!I406 -> 3
A407: =RAW_GAMES!A407 -> 25/26 | B407: =RAW_GAMES!B407 -> 45996 | C407: =RAW_GAMES!E407 -> VIT | D407: =RAW_GAMES!R407 -> Hrachovina | F407: =RAW_GAMES!K407 -> 23 | G407: =RAW_GAMES!S407 -> 21 | H407: =RAW_GAMES!I407 -> 2
A408: =RAW_GAMES!A408 -> 25/26 | B408: =RAW_GAMES!B408 -> 45998 | C408: =RAW_GAMES!E408 -> PCE | D408: =RAW_GAMES!R408 -> Will | F408: =RAW_GAMES!K408 -> 29 | G408: =RAW_GAMES!S408 -> 26 | H408: =RAW_GAMES!I408 -> 3
A409: =RAW_GAMES!A409 -> 25/26 | B409: =RAW_GAMES!B409 -> 45998 | C409: =RAW_GAMES!E409 -> TRI | D409: =RAW_GAMES!R409 -> Mazanec | F409: =RAW_GAMES!K409 -> 31 | G409: =RAW_GAMES!S409 -> 29 | H409: =RAW_GAMES!I409 -> 2
A410: =RAW_GAMES!A410 -> 25/26 | B410: =RAW_GAMES!B410 -> 45998 | C410: =RAW_GAMES!E410 -> KOM | D410: =RAW_GAMES!R410 -> Stezka | F410: =RAW_GAMES!K410 -> 28 | G410: =RAW_GAMES!S410 -> 21 | H410: =RAW_GAMES!I410 -> 4
A411: =RAW_GAMES!A411 -> 25/26 | B411: =RAW_GAMES!B411 -> 45998 | C411: =RAW_GAMES!E411 -> CEB | D411: =RAW_GAMES!R411 -> Westerholm | F411: =RAW_GAMES!K411 -> 28 | G411: =RAW_GAMES!S411 -> 22 | H411: =RAW_GAMES!I411 -> 6
A412: =RAW_GAMES!A412 -> 25/26 | B412: =RAW_GAMES!B412 -> 45998 | C412: =RAW_GAMES!E412 -> KLA | D412: =RAW_GAMES!R412 -> Dansk | F412: =RAW_GAMES!K412 -> 25 | G412: =RAW_GAMES!S412 -> 21 | H412: =RAW_GAMES!I412 -> 4
A413: =RAW_GAMES!A413 -> 25/26 | B413: =RAW_GAMES!B413 -> 45998 | C413: =RAW_GAMES!E413 -> SPA | D413: =RAW_GAMES!R413 -> Kořenář | F413: =RAW_GAMES!K413 -> 16 | G413: =RAW_GAMES!S413 -> 15 | H413: =RAW_GAMES!I413 -> 1
A414: =RAW_GAMES!A414 -> 25/26 | B414: =RAW_GAMES!B414 -> 45998 | C414: =RAW_GAMES!E414 -> KVA | D414: =RAW_GAMES!R414 -> Frodl | F414: =RAW_GAMES!K414 -> 30 | G414: =RAW_GAMES!S414 -> 24 | H414: =RAW_GAMES!I414 -> 6
... A731: =RAW_GAMES!A731 -> 26/27 | B731: =RAW_GAMES!B731 -> 46160 | C731: =RAW_GAMES!E731 -> KOM | D731: =RAW_GAMES!R731 -> Stezka | F731: =RAW_GAMES!K731 -> 0 | G731: =RAW_GAMES!S731 -> 0 | H731: =RAW_GAMES!I731 -> 0

Sheet RAW_PP_PK
A1: Season | B1: Date | C1: Team | D1: PP_O | E1: PP_G | F1: PK_O | G1: PK_GA
A2: =RAW_GAMES!A2 -> 25/26 | B2: =RAW_GAMES!B2 -> 45909 | C2: =RAW_GAMES!E2 -> SPA | D2: =RAW_GAMES!O2 -> 2 | E2: =RAW_GAMES!N2 -> 0 | F2: =RAW_GAMES!Q2 -> 3 | G2: =RAW_GAMES!P2 -> 0
A3: =RAW_GAMES!A3 -> 25/26 | B3: =RAW_GAMES!B3 -> 45909 | C3: =RAW_GAMES!E3 -> CEB | D3: =RAW_GAMES!O3 -> 3 | E3: =RAW_GAMES!N3 -> 0 | F3: =RAW_GAMES!Q3 -> 2 | G3: =RAW_GAMES!P3 -> 0
A4: =RAW_GAMES!A4 -> 25/26 | B4: =RAW_GAMES!B4 -> 45910 | C4: =RAW_GAMES!E4 -> PCE | D4: =RAW_GAMES!O4 -> 6 | E4: =RAW_GAMES!N4 -> 3 | F4: =RAW_GAMES!Q4 -> 8 | G4: =RAW_GAMES!P4 -> 0
A5: =RAW_GAMES!A5 -> 25/26 | B5: =RAW_GAMES!B5 -> 45910 | C5: =RAW_GAMES!E5 -> TRI | D5: =RAW_GAMES!O5 -> 4 | E5: =RAW_GAMES!N5 -> 3 | F5: =RAW_GAMES!Q5 -> 3 | G5: =RAW_GAMES!P5 -> 0
A6: =RAW_GAMES!A6 -> 25/26 | B6: =RAW_GAMES!B6 -> 45910 | C6: =RAW_GAMES!E6 -> KOM | D6: =RAW_GAMES!O6 -> 7 | E6: =RAW_GAMES!N6 -> 0 | F6: =RAW_GAMES!Q6 -> 5 | G6: =RAW_GAMES!P6 -> 1
A7: =RAW_GAMES!A7 -> 25/26 | B7: =RAW_GAMES!B7 -> 45910 | C7: =RAW_GAMES!E7 -> KLA | D7: =RAW_GAMES!O7 -> 5 | E7: =RAW_GAMES!N7 -> 0 | F7: =RAW_GAMES!Q7 -> 5 | G7: =RAW_GAMES!P7 -> 1
A8: =RAW_GAMES!A8 -> 25/26 | B8: =RAW_GAMES!B8 -> 45910 | C8: =RAW_GAMES!E8 -> KVA | D8: =RAW_GAMES!O8 -> 6 | E8: =RAW_GAMES!N8 -> 1 | F8: =RAW_GAMES!Q8 -> 6 | G8: =RAW_GAMES!P8 -> 1
A9: =RAW_GAMES!A9 -> 25/26 | B9: =RAW_GAMES!B9 -> 45910 | C9: =RAW_GAMES!E9 -> LIB | D9: =RAW_GAMES!O9 -> 5 | E9: =RAW_GAMES!N9 -> 0 | F9: =RAW_GAMES!Q9 -> 6 | G9: =RAW_GAMES!P9 -> 0
A10: =RAW_GAMES!A10 -> 25/26 | B10: =RAW_GAMES!B10 -> 45910 | C10: =RAW_GAMES!E10 -> LIT | D10: =RAW_GAMES!O10 -> 5 | E10: =RAW_GAMES!N10 -> 1 | F10: =RAW_GAMES!Q10 -> 7 | G10: =RAW_GAMES!P10 -> 0
A11: =RAW_GAMES!A11 -> 25/26 | B11: =RAW_GAMES!B11 -> 45910 | C11: =RAW_GAMES!E11 -> MBL | D11: =RAW_GAMES!O11 -> 5 | E11: =RAW_GAMES!N11 -> 1 | F11: =RAW_GAMES!Q11 -> 5 | G11: =RAW_GAMES!P11 -> 0
A12: =RAW_GAMES!A12 -> 25/26 | B12: =RAW_GAMES!B12 -> 45910 | C12: =RAW_GAMES!E12 -> MHK | D12: =RAW_GAMES!O12 -> 6 | E12: =RAW_GAMES!N12 -> 0 | F12: =RAW_GAMES!Q12 -> 8 | G12: =RAW_GAMES!P12 -> 3
A13: =RAW_GAMES!A13 -> 25/26 | B13: =RAW_GAMES!B13 -> 45910 | C13: =RAW_GAMES!E13 -> OLO | D13: =RAW_GAMES!O13 -> 3 | E13: =RAW_GAMES!N13 -> 0 | F13: =RAW_GAMES!Q13 -> 4 | G13: =RAW_GAMES!P13 -> 3
... A401: =RAW_GAMES!A401 -> 25/26 | B401: =RAW_GAMES!B401 -> 45996 | C401: =RAW_GAMES!E401 -> LIB | D401: =RAW_GAMES!O401 -> 2 | E401: =RAW_GAMES!N401 -> 1 | F401: =RAW_GAMES!Q401 -> 1 | G401: =RAW_GAMES!P401 -> 0
A402: =RAW_GAMES!A402 -> 25/26 | B402: =RAW_GAMES!B402 -> 45996 | C402: =RAW_GAMES!E402 -> LIT | D402: =RAW_GAMES!O408 -> 2 | E402: =RAW_GAMES!N408 -> 0 | F402: =RAW_GAMES!Q408 -> 6 | G402: =RAW_GAMES!P408 -> 0
A403: =RAW_GAMES!A403 -> 25/26 | B403: =RAW_GAMES!B403 -> 45996 | C403: =RAW_GAMES!E403 -> MBL | D403: =RAW_GAMES!O403 -> 2 | E403: =RAW_GAMES!N403 -> 1 | F403: =RAW_GAMES!Q403 -> 3 | G403: =RAW_GAMES!P403 -> 2
A404: =RAW_GAMES!A404 -> 25/26 | B404: =RAW_GAMES!B404 -> 45996 | C404: =RAW_GAMES!E404 -> MHK | D404: =RAW_GAMES!O404 -> 4 | E404: =RAW_GAMES!N404 -> 1 | F404: =RAW_GAMES!Q404 -> 6 | G404: =RAW_GAMES!P404 -> 0
A405: =RAW_GAMES!A405 -> 25/26 | B405: =RAW_GAMES!B405 -> 45996 | C405: =RAW_GAMES!E405 -> OLO | D405: =RAW_GAMES!O405 -> 4 | E405: =RAW_GAMES!N405 -> 1 | F405: =RAW_GAMES!Q405 -> 3 | G405: =RAW_GAMES!P405 -> 0
A406: =RAW_GAMES!A406 -> 25/26 | B406: =RAW_GAMES!B406 -> 45996 | C406: =RAW_GAMES!E406 -> PLZ | D406: =RAW_GAMES!O406 -> 6 | E406: =RAW_GAMES!N406 -> 1 | F406: =RAW_GAMES!Q406 -> 3 | G406: =RAW_GAMES!P406 -> 0
A407: =RAW_GAMES!A407 -> 25/26 | B407: =RAW_GAMES!B407 -> 45996 | C407: =RAW_GAMES!E407 -> VIT | D407: =RAW_GAMES!O407 -> 3 | E407: =RAW_GAMES!N407 -> 1 | F407: =RAW_GAMES!Q407 -> 2 | G407: =RAW_GAMES!P407 -> 0
A408: =RAW_GAMES!A408 -> 25/26 | B408: =RAW_GAMES!B408 -> 45998 | C408: =RAW_GAMES!E408 -> PCE | D408: =RAW_GAMES!#REF! -> #REF! | E408: =RAW_GAMES!#REF! -> #REF! | F408: =RAW_GAMES!#REF! -> #REF! | G408: =RAW_GAMES!#REF! -> #REF!
A409: =RAW_GAMES!A409 -> 25/26 | B409: =RAW_GAMES!B409 -> 45998 | C409: =RAW_GAMES!E409 -> TRI | D409: =RAW_GAMES!O409 -> 2 | E409: =RAW_GAMES!N409 -> 0 | F409: =RAW_GAMES!Q409 -> 0 | G409: =RAW_GAMES!P409 -> 0
A410: =RAW_GAMES!A410 -> 25/26 | B410: =RAW_GAMES!B410 -> 45998 | C410: =RAW_GAMES!E410 -> KOM | D410: =RAW_GAMES!O410 -> 3 | E410: =RAW_GAMES!N410 -> 0 | F410: =RAW_GAMES!Q410 -> 4 | G410: =RAW_GAMES!P410 -> 1
A411: =RAW_GAMES!A411 -> 25/26 | B411: =RAW_GAMES!B411 -> 45998 | C411: =RAW_GAMES!E411 -> CEB | D411: =RAW_GAMES!O411 -> 6 | E411: =RAW_GAMES!N411 -> 0 | F411: =RAW_GAMES!Q411 -> 2 | G411: =RAW_GAMES!P411 -> 0
A412: =RAW_GAMES!A412 -> 25/26 | B412: =RAW_GAMES!B412 -> 45998 | C412: =RAW_GAMES!E412 -> KLA | D412: =RAW_GAMES!O412 -> 4 | E412: =RAW_GAMES!N412 -> 0 | F412: =RAW_GAMES!Q412 -> 5 | G412: =RAW_GAMES!P412 -> 0
A413: =RAW_GAMES!A413 -> 25/26 | B413: =RAW_GAMES!B413 -> 45998 | C413: =RAW_GAMES!E413 -> SPA | D413: =RAW_GAMES!O413 -> 7 | E413: =RAW_GAMES!N413 -> 1 | F413: =RAW_GAMES!Q413 -> 7 | G413: =RAW_GAMES!P413 -> 1
A414: =RAW_GAMES!A414 -> 25/26 | B414: =RAW_GAMES!B414 -> 45998 | C414: =RAW_GAMES!E414 -> KVA | D414: =RAW_GAMES!O414 -> 7 | E414: =RAW_GAMES!N414 -> 1 | F414: =RAW_GAMES!Q414 -> 7 | G414: =RAW_GAMES!P414 -> 1
A415: =RAW_GAMES!A415 -> 25/26 | B415: =RAW_GAMES!B415 -> 45998 | C415: =RAW_GAMES!E415 -> LIB | D415: =RAW_GAMES!O415 -> 4 | E415: =RAW_GAMES!N415 -> 0 | F415: =RAW_GAMES!Q415 -> 4 | G415: =RAW_GAMES!P415 -> 1
A416: =RAW_GAMES!A416 -> 25/26 | B416: =RAW_GAMES!B416 -> 45998 | C416: =RAW_GAMES!E416 -> LIT | D416: =RAW_GAMES!O416 -> 4 | E416: =RAW_GAMES!N416 -> 1 | F416: =RAW_GAMES!Q416 -> 4 | G416: =RAW_GAMES!P416 -> 0
A417: =RAW_GAMES!A417 -> 25/26 | B417: =RAW_GAMES!B417 -> 45998 | C417: =RAW_GAMES!E417 -> MBL | D417: =RAW_GAMES!O417 -> 0 | E417: =RAW_GAMES!N417 -> 0 | F417: =RAW_GAMES!Q417 -> 2 | G417: =RAW_GAMES!P417 -> 0
A418: =RAW_GAMES!A418 -> 25/26 | B418: =RAW_GAMES!B418 -> 45998 | C418: =RAW_GAMES!E418 -> MHK | D418: =RAW_GAMES!O418 -> 5 | E418: =RAW_GAMES!N418 -> 2 | F418: =RAW_GAMES!Q418 -> 8 | G418: =RAW_GAMES!P418 -> 1
A419: =RAW_GAMES!A419 -> 25/26 | B419: =RAW_GAMES!B419 -> 45998 | C419: =RAW_GAMES!E419 -> OLO | D419: =RAW_GAMES!O419 -> 5 | E419: =RAW_GAMES!N419 -> 0 | F419: =RAW_GAMES!Q419 -> 4 | G419: =RAW_GAMES!P419 -> 0
A420: =RAW_GAMES!A420 -> 25/26 | B420: =RAW_GAMES!B420 -> 45998 | C420: =RAW_GAMES!E420 -> PLZ | D420: =RAW_GAMES!O420 -> 8 | E420: =RAW_GAMES!N420 -> 1 | F420: =RAW_GAMES!Q420 -> 5 | G420: =RAW_GAMES!P420 -> 2
... A731: =RAW_GAMES!A731 -> 26/27 | B731: =RAW_GAMES!B731 -> 46160 | C731: =RAW_GAMES!E731 -> KOM | D731: =RAW_GAMES!O731 -> 0 | E731: =RAW_GAMES!N731 -> 0 | F731: =RAW_GAMES!Q731 -> 0 | G731: =RAW_GAMES!P731 -> 0

Sheet CALC_FORM
A1: last_3 | B1: last_5 | C1: last_10 | D1: home/away

Sheet RAW_TEAMS
A1: Team | B1: League | C1: City | D1: Since

Sheet RAW_SEASONS
A1: Season | B1: League | C1: Games_RS | D1: RS_Start | E1: RS_End

Sheet RAW_CONTEXT
A1: Date | B1: Team | C1: Type | D1: Note
